ams,branch,variable,expression,unit,fuel,source,note,src_csv,domain,data_confidence,unit_audit
Indonesia,Transformation\Centralized Electricity Generation\Processes\Coal Subcritical_IDSA,Historical Production,"Interp(2005, 6695.56419, 2006, 7491.916536, 2007, 8170.229641, 2008, 7995.425955, 2009, 8339.092861, 2010, 8403.777925, 2011, 9770.414918, 2012, 11171.59462, 2013, 12198.63502, 2014, 13098.8355, 2015, 14236.87459, 2016, 14157.55838, 2017, 14800.33871, 2018, 12104.79767, 2019, 13148.23236, 2020, 13003.46712, 2021, 12944.8627, 2022, 13482.61598, 2023, 13166.14434, 2024, 13415.63534, FirstScenarioYear, 0)",Gigawatt-Hour,,"Transformation_ Input LEAP_ID_MY_Nodes Rev1 (Existing Cap, Historical Prod).csv",Interpolated trajectory on Historical Production | sourced from year-wide Rev1 input,"Transformation_ Input LEAP_ID_MY_Nodes Rev1 (Existing Cap, Historical Prod).csv",power_historical_production,High,passthrough — input unit preserved (no conversion)
Indonesia,Transformation\Centralized Electricity Generation\Processes\Coal Subcritical_IDJW,Historical Production,"Interp(2005, 44451.57255, 2006, 49738.52269, 2007, 54241.81522, 2008, 53081.30081, 2009, 55362.89112, 2010, 55792.33258, 2011, 64865.37881, 2012, 74167.75262, 2013, 80986.23121, 2014, 86962.62478, 2015, 94518.01907, 2016, 93991.44205, 2017, 98258.83391, 2018, 80363.24897, 2019, 87290.56851, 2020, 82725.21826, 2021, 83671.55073, 2022, 85556.54631, 2023, 83548.31434, 2024, 85131.50773, FirstScenarioYear, 0)",Gigawatt-Hour,,"Transformation_ Input LEAP_ID_MY_Nodes Rev1 (Existing Cap, Historical Prod).csv",Interpolated trajectory on Historical Production | sourced from year-wide Rev1 input,"Transformation_ Input LEAP_ID_MY_Nodes Rev1 (Existing Cap, Historical Prod).csv",power_historical_production,High,passthrough — input unit preserved (no conversion)
Indonesia,Transformation\Centralized Electricity Generation\Processes\Coal Subcritical_IDKA,Historical Production,"Interp(2005, 2809.593084, 2006, 3143.758507, 2007, 3428.392296, 2008, 3355.041162, 2009, 3499.250692, 2010, 3526.393843, 2011, 4099.862147, 2012, 4687.825263, 2013, 5118.792026, 2014, 5496.534208, 2015, 5974.078248, 2016, 5940.795575, 2017, 6210.519096, 2018, 5079.415992, 2019, 5517.262123, 2020, 4973.359359, 2021, 5247.772198, 2022, 5440.353815, 2023, 5312.654732, 2024, 5413.32654, FirstScenarioYear, 0)",Gigawatt-Hour,,"Transformation_ Input LEAP_ID_MY_Nodes Rev1 (Existing Cap, Historical Prod).csv",Interpolated trajectory on Historical Production | sourced from year-wide Rev1 input,"Transformation_ Input LEAP_ID_MY_Nodes Rev1 (Existing Cap, Historical Prod).csv",power_historical_production,High,passthrough — input unit preserved (no conversion)
Indonesia,Transformation\Centralized Electricity Generation\Processes\Coal Subcritical_IDEast,Historical Production,"Interp(2005, 6907.27018, 2006, 7728.802265, 2007, 8428.562845, 2008, 8248.232069, 2009, 8602.765325, 2010, 8669.495656, 2011, 10079.34413, 2012, 11524.82751, 2013, 12584.34174, 2014, 13513.00551, 2015, 14687.02809, 2016, 14605.20399, 2017, 15268.30828, 2018, 12487.53737, 2019, 13563.96425, 2020, 12632.92958, 2021, 11897.78162, 2022, 10248.4439, 2023, 10007.88659, 2024, 10197.53039, FirstScenarioYear, 0)",Gigawatt-Hour,,"Transformation_ Input LEAP_ID_MY_Nodes Rev1 (Existing Cap, Historical Prod).csv",Interpolated trajectory on Historical Production | sourced from year-wide Rev1 input,"Transformation_ Input LEAP_ID_MY_Nodes Rev1 (Existing Cap, Historical Prod).csv",power_historical_production,High,passthrough — input unit preserved (no conversion)
Indonesia,Transformation\Centralized Electricity Generation\Processes\Gas Combined Cycle_IDSA,Historical Production,"Interp(2005, 4135.531404, 2006, 4122.820981, 2007, 4169.996202, 2008, 4805.761743, 2009, 4783.64072, 2010, 5294.868566, 2011, 5449.471297, 2012, 4777.163293, 2013, 5063.514439, 2014, 5350.721094, 2015, 5456.437586, 2016, 5891.769546, 2017, 5398.629609, 2018, 5372.964333, 2019, 5274.095581, 2020, 2995.883725, 2021, 2816.04704, 2022, 7350.762224, 2023, 8332.799908, 2024, 9113.462549, FirstScenarioYear, 0)",Gigawatt-Hour,,"Transformation_ Input LEAP_ID_MY_Nodes Rev1 (Existing Cap, Historical Prod).csv",Interpolated trajectory on Historical Production | sourced from year-wide Rev1 input,"Transformation_ Input LEAP_ID_MY_Nodes Rev1 (Existing Cap, Historical Prod).csv",power_historical_production,High,passthrough — input unit preserved (no conversion)
Indonesia,Transformation\Centralized Electricity Generation\Processes\Gas Combined Cycle_IDJW,Historical Production,"Interp(2005, 28744.75644, 2006, 28656.41036, 2007, 28984.31023, 2008, 33403.31321, 2009, 33249.55706, 2010, 36802.93835, 2011, 37877.5325, 2012, 33204.53453, 2013, 35194.86979, 2014, 37191.15141, 2015, 37925.95295, 2016, 40951.8062, 2017, 37524.14818, 2018, 37345.75705, 2019, 36658.55197, 2020, 30087.90471, 2021, 33310.38127, 2022, 29013.16765, 2023, 32889.23153, 2024, 35970.47608, FirstScenarioYear, 0)",Gigawatt-Hour,,"Transformation_ Input LEAP_ID_MY_Nodes Rev1 (Existing Cap, Historical Prod).csv",Interpolated trajectory on Historical Production | sourced from year-wide Rev1 input,"Transformation_ Input LEAP_ID_MY_Nodes Rev1 (Existing Cap, Historical Prod).csv",power_historical_production,High,passthrough — input unit preserved (no conversion)
Indonesia,Transformation\Centralized Electricity Generation\Processes\Gas Combined Cycle_IDKA,Historical Production,"Interp(2005, 173.6597651, 2006, 173.1260274, 2007, 175.1070153, 2008, 201.8041635, 2009, 200.8752546, 2010, 222.3427999, 2011, 228.8348976, 2012, 200.6032537, 2013, 212.6277477, 2014, 224.6881664, 2015, 229.1274269, 2016, 247.4079424, 2017, 226.6999469, 2018, 225.6222074, 2019, 221.470498, 2020, 308.9175257, 2021, 331.8199058, 2022, 289.0134003, 2023, 327.624641, 2024, 358.3183239, FirstScenarioYear, 0)",Gigawatt-Hour,,"Transformation_ Input LEAP_ID_MY_Nodes Rev1 (Existing Cap, Historical Prod).csv",Interpolated trajectory on Historical Production | sourced from year-wide Rev1 input,"Transformation_ Input LEAP_ID_MY_Nodes Rev1 (Existing Cap, Historical Prod).csv",power_historical_production,High,passthrough — input unit preserved (no conversion)
Indonesia,Transformation\Centralized Electricity Generation\Processes\Gas Combined Cycle_IDEast,Historical Production,"Interp(2005, 784.0523956, 2006, 781.6426359, 2007, 790.5865517, 2008, 911.1208789, 2009, 906.9269701, 2010, 1003.850286, 2011, 1033.161306, 2012, 905.6989195, 2013, 959.9880253, 2014, 1014.439327, 2015, 1034.48204, 2016, 1117.01631, 2017, 1023.522267, 2018, 1018.656406, 2019, 999.9119511, 2020, 750.3340381, 2021, 1516.721783, 2022, 1821.05673, 2023, 2064.343926, 2024, 2257.743048, FirstScenarioYear, 0)",Gigawatt-Hour,,"Transformation_ Input LEAP_ID_MY_Nodes Rev1 (Existing Cap, Historical Prod).csv",Interpolated trajectory on Historical Production | sourced from year-wide Rev1 input,"Transformation_ Input LEAP_ID_MY_Nodes Rev1 (Existing Cap, Historical Prod).csv",power_historical_production,High,passthrough — input unit preserved (no conversion)
Indonesia,Transformation\Centralized Electricity Generation\Processes\Gas Turbine_IDSA,Historical Production,"Interp(2005, 1459.364226, 2006, 1324.170472, 2007, 1516.263954, 2008, 1583.405633, 2009, 2354.05555, 2010, 2477.186562, 2011, 2654.713714, 2012, 2276.216722, 2013, 2386.829794, 2014, 2438.039549, 2015, 1820.108502, 2016, 1482.124117, 2017, 1620.276657, 2018, 2266.20237, 2019, 2081.155351, 2020, 1516.568622, 2021, 1761.718281, 2022, 1602.452572, 2023, 1298.606478, 2024, 1622.953031, FirstScenarioYear, 0)",Gigawatt-Hour,,"Transformation_ Input LEAP_ID_MY_Nodes Rev1 (Existing Cap, Historical Prod).csv",Interpolated trajectory on Historical Production | sourced from year-wide Rev1 input,"Transformation_ Input LEAP_ID_MY_Nodes Rev1 (Existing Cap, Historical Prod).csv",power_historical_production,High,passthrough — input unit preserved (no conversion)
Indonesia,Transformation\Centralized Electricity Generation\Processes\Gas Turbine_IDJW,Historical Production,"Interp(2005, 4131.998296, 2006, 3749.214923, 2007, 4293.10241, 2008, 4483.205263, 2009, 6665.199373, 2010, 7013.828674, 2011, 7516.473507, 2012, 6444.808946, 2013, 6757.995342, 2014, 6902.989044, 2015, 5153.398374, 2016, 4196.439942, 2017, 4587.600729, 2018, 6416.454622, 2019, 5892.518269, 2020, 4137.48576, 2021, 4434.455427, 2022, 4033.564606, 2023, 3268.74768, 2024, 4085.166711, FirstScenarioYear, 0)",Gigawatt-Hour,,"Transformation_ Input LEAP_ID_MY_Nodes Rev1 (Existing Cap, Historical Prod).csv",Interpolated trajectory on Historical Production | sourced from year-wide Rev1 input,"Transformation_ Input LEAP_ID_MY_Nodes Rev1 (Existing Cap, Historical Prod).csv",power_historical_production,High,passthrough — input unit preserved (no conversion)
Indonesia,Transformation\Centralized Electricity Generation\Processes\Gas Turbine_IDKA,Historical Production,"Interp(2005, 437.7422657, 2006, 397.1903465, 2007, 454.8095717, 2008, 474.9489929, 2009, 706.1085861, 2010, 743.0422364, 2011, 796.2922313, 2012, 682.7605114, 2013, 715.9393544, 2014, 731.2999298, 2015, 545.9489861, 2016, 444.5691881, 2017, 486.0086072, 2018, 679.7566655, 2019, 624.2510555, 2020, 444.89361, 2021, 546.2725966, 2022, 496.8875766, 2023, 402.6711537, 2024, 503.2443473, FirstScenarioYear, 0)",Gigawatt-Hour,,"Transformation_ Input LEAP_ID_MY_Nodes Rev1 (Existing Cap, Historical Prod).csv",Interpolated trajectory on Historical Production | sourced from year-wide Rev1 input,"Transformation_ Input LEAP_ID_MY_Nodes Rev1 (Existing Cap, Historical Prod).csv",power_historical_production,High,passthrough — input unit preserved (no conversion)
Indonesia,Transformation\Centralized Electricity Generation\Processes\Gas Turbine_IDEast,Historical Production,"Interp(2005, 382.8952121, 2006, 347.4242583, 2007, 397.8240647, 2008, 415.4401108, 2009, 617.6364907, 2010, 649.9425278, 2011, 696.520548, 2012, 597.2138204, 2013, 626.2355099, 2014, 639.6714772, 2015, 477.5441377, 2016, 388.8667531, 2017, 425.1140073, 2018, 594.5863423, 2019, 546.0353249, 2020, 396.0620079, 2021, 469.5436958, 2022, 433.0952462, 2023, 350.9746886, 2024, 438.6359103, FirstScenarioYear, 0)",Gigawatt-Hour,,"Transformation_ Input LEAP_ID_MY_Nodes Rev1 (Existing Cap, Historical Prod).csv",Interpolated trajectory on Historical Production | sourced from year-wide Rev1 input,"Transformation_ Input LEAP_ID_MY_Nodes Rev1 (Existing Cap, Historical Prod).csv",power_historical_production,High,passthrough — input unit preserved (no conversion)
Indonesia,Transformation\Centralized Electricity Generation\Processes\Gas Engine_IDSA,Historical Production,"Interp(2005, 0, 2006, 0, 2007, 53.01833309, 2008, 0, 2009, 0, 2010, 32.42443512, 2011, 21.03206602, 2012, 24.09924232, 2013, 167.3801921, 2014, 22.34657015, 2015, 540.2611959, 2016, 1073.949871, 2017, 35.92977945, 2018, 86.93253955, 2019, 2811.905887, 2020, 3588.57741, 2021, 3679.447495, 2022, 2125.899659, 2023, 2025.367087, 2024, 2114.487173, FirstScenarioYear, 0)",Gigawatt-Hour,,"Transformation_ Input LEAP_ID_MY_Nodes Rev1 (Existing Cap, Historical Prod).csv",Interpolated trajectory on Historical Production | sourced from year-wide Rev1 input,"Transformation_ Input LEAP_ID_MY_Nodes Rev1 (Existing Cap, Historical Prod).csv",power_historical_production,High,passthrough — input unit preserved (no conversion)
Indonesia,Transformation\Centralized Electricity Generation\Processes\Gas Engine_IDJW,Historical Production,"Interp(2005, 0, 2006, 0, 2007, 11.42985611, 2008, 0, 2009, 0, 2010, 6.990159935, 2011, 4.534157796, 2012, 5.195389141, 2013, 36.08433913, 2014, 4.817542658, 2015, 116.4711784, 2016, 231.5254324, 2017, 7.745852901, 2018, 18.74118556, 2019, 606.1993618, 2020, 871.8338961, 2021, 807.5170505, 2022, 466.5646744, 2023, 444.5010992, 2024, 464.0600111, FirstScenarioYear, 0)",Gigawatt-Hour,,"Transformation_ Input LEAP_ID_MY_Nodes Rev1 (Existing Cap, Historical Prod).csv",Interpolated trajectory on Historical Production | sourced from year-wide Rev1 input,"Transformation_ Input LEAP_ID_MY_Nodes Rev1 (Existing Cap, Historical Prod).csv",power_historical_production,High,passthrough — input unit preserved (no conversion)
Indonesia,Transformation\Centralized Electricity Generation\Processes\Gas Engine_IDKA,Historical Production,"Interp(2005, 0, 2006, 0, 2007, 17.51399166, 2008, 0, 2009, 0, 2010, 10.71103622, 2011, 6.947699171, 2012, 7.9609053, 2013, 55.2921059, 2014, 7.381930369, 2015, 178.4690224, 2016, 354.7668889, 2017, 11.86898608, 2018, 28.71715657, 2019, 928.8805094, 2020, 1177.238847, 2021, 1107.359125, 2022, 1989.80649, 2023, 1895.709685, 2024, 1979.124594, FirstScenarioYear, 0)",Gigawatt-Hour,,"Transformation_ Input LEAP_ID_MY_Nodes Rev1 (Existing Cap, Historical Prod).csv",Interpolated trajectory on Historical Production | sourced from year-wide Rev1 input,"Transformation_ Input LEAP_ID_MY_Nodes Rev1 (Existing Cap, Historical Prod).csv",power_historical_production,High,passthrough — input unit preserved (no conversion)
Indonesia,Transformation\Centralized Electricity Generation\Processes\Gas Engine_IDEast,Historical Production,"Interp(2005, 0, 2006, 0, 2007, 39.03781914, 2008, 0, 2009, 0, 2010, 23.87436873, 2011, 15.48607701, 2012, 17.74446324, 2013, 123.2433629, 2014, 16.45395683, 2015, 397.7986033, 2016, 790.7578074, 2017, 26.45538156, 2018, 64.00911832, 2019, 2070.428605, 2020, 3621.220597, 2021, 4758.634893, 2022, 6223.739177, 2023, 5929.422129, 2024, 6190.328222, FirstScenarioYear, 0)",Gigawatt-Hour,,"Transformation_ Input LEAP_ID_MY_Nodes Rev1 (Existing Cap, Historical Prod).csv",Interpolated trajectory on Historical Production | sourced from year-wide Rev1 input,"Transformation_ Input LEAP_ID_MY_Nodes Rev1 (Existing Cap, Historical Prod).csv",power_historical_production,High,passthrough — input unit preserved (no conversion)
Indonesia,Transformation\Centralized Electricity Generation\Processes\Diesel_IDSA,Historical Production,"Interp(2005, 1921.218177, 2006, 1933.019012, 2007, 1888.344421, 2008, 2242.158759, 2009, 2281.143662, 2010, 2590.704866, 2011, 3471.763679, 2012, 4044.314934, 2013, 4068.548792, 2014, 4695.046724, 2015, 4107.533696, 2016, 4153.051204, 2017, 3911.766263, 2018, 3672.799342, 2019, 2203.38037, 2020, 1435.847604, 2021, 1375.405582, 2022, 1171.270064, 2023, 1248.710538, 2024, 1355.627284, FirstScenarioYear, 0)",Gigawatt-Hour,,"Transformation_ Input LEAP_ID_MY_Nodes Rev1 (Existing Cap, Historical Prod).csv",Interpolated trajectory on Historical Production | sourced from year-wide Rev1 input,"Transformation_ Input LEAP_ID_MY_Nodes Rev1 (Existing Cap, Historical Prod).csv",power_historical_production,High,passthrough — input unit preserved (no conversion)
Indonesia,Transformation\Centralized Electricity Generation\Processes\Diesel_IDJW,Historical Production,"Interp(2005, 878.481578, 2006, 883.8775381, 2007, 863.4499748, 2008, 1025.232422, 2009, 1043.058362, 2010, 1184.605958, 2011, 1587.472195, 2012, 1849.272617, 2013, 1860.353606, 2014, 2146.821274, 2015, 1878.179546, 2016, 1898.992535, 2017, 1788.664422, 2018, 1679.396229, 2019, 1007.500911, 2020, 443.7526174, 2021, 433.4578164, 2022, 369.124694, 2023, 393.5299887, 2024, 427.2247038, FirstScenarioYear, 0)",Gigawatt-Hour,,"Transformation_ Input LEAP_ID_MY_Nodes Rev1 (Existing Cap, Historical Prod).csv",Interpolated trajectory on Historical Production | sourced from year-wide Rev1 input,"Transformation_ Input LEAP_ID_MY_Nodes Rev1 (Existing Cap, Historical Prod).csv",power_historical_production,High,passthrough — input unit preserved (no conversion)
Indonesia,Transformation\Centralized Electricity Generation\Processes\Diesel_IDKA,Historical Production,"Interp(2005, 1899.012663, 2006, 1910.677104, 2007, 1866.518863, 2008, 2216.243801, 2009, 2254.778115, 2010, 2560.761399, 2011, 3431.6369, 2012, 3997.570585, 2013, 4021.524348, 2014, 4640.781192, 2015, 4060.058662, 2016, 4105.050078, 2017, 3866.553917, 2018, 3630.348986, 2019, 2177.913614, 2020, 1730.569335, 2021, 1495.006067, 2022, 1273.119635, 2023, 1357.294063, 2024, 1473.507917, FirstScenarioYear, 0)",Gigawatt-Hour,,"Transformation_ Input LEAP_ID_MY_Nodes Rev1 (Existing Cap, Historical Prod).csv",Interpolated trajectory on Historical Production | sourced from year-wide Rev1 input,"Transformation_ Input LEAP_ID_MY_Nodes Rev1 (Existing Cap, Historical Prod).csv",power_historical_production,High,passthrough — input unit preserved (no conversion)
Indonesia,Transformation\Centralized Electricity Generation\Processes\Diesel_IDEast,Historical Production,"Interp(2005, 4418.287582, 2006, 4445.426345, 2007, 4342.686742, 2008, 5156.365019, 2009, 5246.019862, 2010, 5957.927776, 2011, 7984.127226, 2012, 9300.841864, 2013, 9356.573253, 2014, 10797.35081, 2015, 9446.228096, 2016, 9550.906183, 2017, 8996.015399, 2018, 8446.455443, 2019, 5067.185104, 2020, 3119.860443, 2021, 3119.120535, 2022, 3266.495607, 2023, 3482.465411, 2024, 3780.640095, FirstScenarioYear, 0)",Gigawatt-Hour,,"Transformation_ Input LEAP_ID_MY_Nodes Rev1 (Existing Cap, Historical Prod).csv",Interpolated trajectory on Historical Production | sourced from year-wide Rev1 input,"Transformation_ Input LEAP_ID_MY_Nodes Rev1 (Existing Cap, Historical Prod).csv",power_historical_production,High,passthrough — input unit preserved (no conversion)
Indonesia,Transformation\Centralized Electricity Generation\Processes\Large Hydro_IDSA,Historical Production,"Interp(2005, 3152.596998, 2006, 2828.665819, 2007, 3317.502072, 2008, 3388.637594, 2009, 3346.309018, 2010, 5131.163934, 2011, 3650.545652, 2012, 3762.246058, 2013, 4974.489417, 2014, 4456.552269, 2015, 4039.145487, 2016, 5490.074977, 2017, 5476.847297, 2018, 6353.107591, 2019, 6209.651935, 2020, 7008.237707, 2021, 7191.745174, 2022, 7923.355576, 2023, 7173.348316, 2024, 7916.646059, FirstScenarioYear, 0)",Gigawatt-Hour,,"Transformation_ Input LEAP_ID_MY_Nodes Rev1 (Existing Cap, Historical Prod).csv",Interpolated trajectory on Historical Production | sourced from year-wide Rev1 input,"Transformation_ Input LEAP_ID_MY_Nodes Rev1 (Existing Cap, Historical Prod).csv",power_historical_production,High,passthrough — input unit preserved (no conversion)
Indonesia,Transformation\Centralized Electricity Generation\Processes\Large Hydro_IDJW,Historical Production,"Interp(2005, 5696.728033, 2006, 5111.385908, 2007, 5994.71073, 2008, 6123.252286, 2009, 6046.764748, 2010, 9271.989235, 2011, 6596.518922, 2012, 6798.361034, 2013, 8988.879114, 2014, 8052.96911, 2015, 7298.717007, 2016, 9920.539811, 2017, 9896.637455, 2018, 11480.03571, 2019, 11220.81201, 2020, 13281.29936, 2021, 13356.90959, 2022, 14715.69716, 2023, 13322.74192, 2024, 14703.23587, FirstScenarioYear, 0)",Gigawatt-Hour,,"Transformation_ Input LEAP_ID_MY_Nodes Rev1 (Existing Cap, Historical Prod).csv",Interpolated trajectory on Historical Production | sourced from year-wide Rev1 input,"Transformation_ Input LEAP_ID_MY_Nodes Rev1 (Existing Cap, Historical Prod).csv",power_historical_production,High,passthrough — input unit preserved (no conversion)
Indonesia,Transformation\Centralized Electricity Generation\Processes\Large Hydro_IDKA,Historical Production,"Interp(2005, 573.8455419, 2006, 514.8825781, 2007, 603.8620779, 2008, 616.8103876, 2009, 609.1056083, 2010, 933.990469, 2011, 664.4837096, 2012, 684.8157661, 2013, 905.4720845, 2014, 811.1955488, 2015, 735.217864, 2016, 999.3205768, 2017, 996.9128333, 2018, 1156.412466, 2019, 1130.30022, 2020, 1180.169718, 2021, 1197.605891, 2022, 1319.437367, 2023, 1194.542353, 2024, 1318.320064, FirstScenarioYear, 0)",Gigawatt-Hour,,"Transformation_ Input LEAP_ID_MY_Nodes Rev1 (Existing Cap, Historical Prod).csv",Interpolated trajectory on Historical Production | sourced from year-wide Rev1 input,"Transformation_ Input LEAP_ID_MY_Nodes Rev1 (Existing Cap, Historical Prod).csv",power_historical_production,High,passthrough — input unit preserved (no conversion)
Indonesia,Transformation\Centralized Electricity Generation\Processes\Large Hydro_IDEast,Historical Production,"Interp(2005, 1301.829427, 2006, 1168.065695, 2007, 1369.925121, 2008, 1399.299733, 2009, 1381.820625, 2010, 2118.856362, 2011, 1507.451716, 2012, 1553.577141, 2013, 2054.159385, 2014, 1840.283072, 2015, 1667.919642, 2016, 2267.064636, 2017, 2261.602414, 2018, 2623.444235, 2019, 2564.205837, 2020, 2819.293215, 2021, 2831.73935, 2022, 3202.509897, 2023, 2899.367415, 2024, 3199.798004, FirstScenarioYear, 0)",Gigawatt-Hour,,"Transformation_ Input LEAP_ID_MY_Nodes Rev1 (Existing Cap, Historical Prod).csv",Interpolated trajectory on Historical Production | sourced from year-wide Rev1 input,"Transformation_ Input LEAP_ID_MY_Nodes Rev1 (Existing Cap, Historical Prod).csv",power_historical_production,High,passthrough — input unit preserved (no conversion)
Indonesia,Transformation\Centralized Electricity Generation\Processes\Small Hydro_IDSA,Historical Production,"Interp(2005, 0, 2006, 0, 2007, 0, 2008, 0, 2009, 0, 2010, 0, 2011, 0, 2012, 0, 2013, 0, 2014, 0, 2015, 0, 2016, 0, 2017, 0, 2018, 8.068582955, 2019, 12.09951252, 2020, 10.43490867, 2021, 42.27676815, 2022, 47.62177986, 2023, 0, 2024, 54.01873536, FirstScenarioYear, 0)",Gigawatt-Hour,,"Transformation_ Input LEAP_ID_MY_Nodes Rev1 (Existing Cap, Historical Prod).csv",Interpolated trajectory on Historical Production | sourced from year-wide Rev1 input,"Transformation_ Input LEAP_ID_MY_Nodes Rev1 (Existing Cap, Historical Prod).csv",power_historical_production,High,passthrough — input unit preserved (no conversion)
Indonesia,Transformation\Centralized Electricity Generation\Processes\Small Hydro_IDJW,Historical Production,"Interp(2005, 0, 2006, 0, 2007, 0, 2008, 0, 2009, 0, 2010, 0, 2011, 0, 2012, 0, 2013, 0, 2014, 0, 2015, 0, 2016, 0, 2017, 0, 2018, 8.068582955, 2019, 12.09951252, 2020, 10.43490867, 2021, 34.53581131, 2022, 38.90214118, 2023, 0, 2024, 44.12780194, FirstScenarioYear, 0)",Gigawatt-Hour,,"Transformation_ Input LEAP_ID_MY_Nodes Rev1 (Existing Cap, Historical Prod).csv",Interpolated trajectory on Historical Production | sourced from year-wide Rev1 input,"Transformation_ Input LEAP_ID_MY_Nodes Rev1 (Existing Cap, Historical Prod).csv",power_historical_production,High,passthrough — input unit preserved (no conversion)
Indonesia,Transformation\Centralized Electricity Generation\Processes\Small Hydro_IDKA,Historical Production,"Interp(2005, 0, 2006, 0, 2007, 0, 2008, 0, 2009, 0, 2010, 0, 2011, 0, 2012, 0, 2013, 0, 2014, 0, 2015, 0, 2016, 0, 2017, 0, 2018, 0.201714574, 2019, 0.302487813, 2020, 0.521745433, 2021, 0.666637671, 2022, 0.75092004, 2023, 0, 2024, 0.851789896, FirstScenarioYear, 0)",Gigawatt-Hour,,"Transformation_ Input LEAP_ID_MY_Nodes Rev1 (Existing Cap, Historical Prod).csv",Interpolated trajectory on Historical Production | sourced from year-wide Rev1 input,"Transformation_ Input LEAP_ID_MY_Nodes Rev1 (Existing Cap, Historical Prod).csv",power_historical_production,High,passthrough — input unit preserved (no conversion)
Indonesia,Transformation\Centralized Electricity Generation\Processes\Small Hydro_IDEast,Historical Production,"Interp(2005, 0, 2006, 0, 2007, 0, 2008, 0, 2009, 0, 2010, 0, 2011, 0, 2012, 0, 2013, 0, 2014, 0, 2015, 0, 2016, 0, 2017, 0, 2018, 7.661119516, 2019, 11.48848714, 2020, 14.59843723, 2021, 41.48078287, 2022, 46.72515892, 2023, 0, 2024, 53.0016728, FirstScenarioYear, 0)",Gigawatt-Hour,,"Transformation_ Input LEAP_ID_MY_Nodes Rev1 (Existing Cap, Historical Prod).csv",Interpolated trajectory on Historical Production | sourced from year-wide Rev1 input,"Transformation_ Input LEAP_ID_MY_Nodes Rev1 (Existing Cap, Historical Prod).csv",power_historical_production,High,passthrough — input unit preserved (no conversion)
Indonesia,Transformation\Centralized Electricity Generation\Processes\Geothermal Flash_IDSA,Historical Production,"Interp(2005, 2132.238776, 2006, 2149.673799, 2007, 2266.8759, 2008, 2682.733493, 2009, 3001.084104, 2010, 3021.102093, 2011, 3025.622285, 2012, 3040.151471, 2013, 3039.505729, 2014, 3241.29998, 2015, 3243.882947, 2016, 3440.511265, 2017, 4121.122915, 2018, 4526.325772, 2019, 4552.478307, 2020, 4805.337048, 2021, 4791.315469, 2022, 5025.770037, 2023, 5103.822111, 2024, 5097.493564, FirstScenarioYear, 0)",Gigawatt-Hour,,"Transformation_ Input LEAP_ID_MY_Nodes Rev1 (Existing Cap, Historical Prod).csv",Interpolated trajectory on Historical Production | sourced from year-wide Rev1 input,"Transformation_ Input LEAP_ID_MY_Nodes Rev1 (Existing Cap, Historical Prod).csv",power_historical_production,High,passthrough — input unit preserved (no conversion)
Indonesia,Transformation\Centralized Electricity Generation\Processes\Geothermal Flash_IDJW,Historical Production,"Interp(2005, 4081.381566, 2006, 4114.754462, 2007, 4339.094485, 2008, 5135.099854, 2009, 5744.464212, 2010, 5782.781241, 2011, 5791.433473, 2012, 5819.24422, 2013, 5818.008187, 2014, 6204.268556, 2015, 6209.212689, 2016, 6585.584792, 2017, 7888.363766, 2018, 8663.974588, 2019, 8714.033931, 2020, 9853.156448, 2021, 10102.15699, 2022, 10596.48822, 2023, 10761.05561, 2024, 10747.71231, FirstScenarioYear, 0)",Gigawatt-Hour,,"Transformation_ Input LEAP_ID_MY_Nodes Rev1 (Existing Cap, Historical Prod).csv",Interpolated trajectory on Historical Production | sourced from year-wide Rev1 input,"Transformation_ Input LEAP_ID_MY_Nodes Rev1 (Existing Cap, Historical Prod).csv",power_historical_production,High,passthrough — input unit preserved (no conversion)
Indonesia,Transformation\Centralized Electricity Generation\Processes\Geothermal Flash_IDKA,Historical Production,"Interp(2005, 0, 2006, 0, 2007, 0, 2008, 0, 2009, 0, 2010, 0, 2011, 0, 2012, 0, 2013, 0, 2014, 0, 2015, 0, 2016, 0, 2017, 0, 2018, 0, 2019, 0, 2020, 0, 2021, 0, 2022, 0, 2023, 0, 2024, 0, FirstScenarioYear, 0)",Gigawatt-Hour,,"Transformation_ Input LEAP_ID_MY_Nodes Rev1 (Existing Cap, Historical Prod).csv",Interpolated trajectory on Historical Production | sourced from year-wide Rev1 input,"Transformation_ Input LEAP_ID_MY_Nodes Rev1 (Existing Cap, Historical Prod).csv",power_historical_production,High,passthrough — input unit preserved (no conversion)
Indonesia,Transformation\Centralized Electricity Generation\Processes\Geothermal Flash_IDEast,Historical Production,"Interp(2005, 390.3796581, 2006, 393.5717389, 2007, 415.0296154, 2008, 491.1666535, 2009, 549.4516842, 2010, 553.1166658, 2011, 553.9442423, 2012, 556.6043097, 2013, 556.4860845, 2014, 593.431464, 2015, 593.9043648, 2016, 629.9039426, 2017, 754.5133187, 2018, 828.6996407, 2019, 833.4877619, 2020, 904.4765041, 2021, 1005.537541, 2022, 1054.741746, 2023, 1071.122277, 2024, 1069.794125, FirstScenarioYear, 0)",Gigawatt-Hour,,"Transformation_ Input LEAP_ID_MY_Nodes Rev1 (Existing Cap, Historical Prod).csv",Interpolated trajectory on Historical Production | sourced from year-wide Rev1 input,"Transformation_ Input LEAP_ID_MY_Nodes Rev1 (Existing Cap, Historical Prod).csv",power_historical_production,High,passthrough — input unit preserved (no conversion)
Indonesia,Transformation\Centralized Electricity Generation\Processes\Biomass Other_IDSA,Historical Production,"Interp(2005, 0, 2006, 0, 2007, 0, 2008, 0, 2009, 0, 2010, 0, 2011, 0, 2012, 0, 2013, 0, 2014, 0, 2015, 0, 2016, 0, 2017, 0, 2018, 13050.98222, 2019, 13142.99956, 2020, 11044.71124, 2021, 13334.10788, 2022, 17869.13815, 2023, 21264.29188, 2024, 20926.0003, FirstScenarioYear, 0)",Gigawatt-Hour,,"Transformation_ Input LEAP_ID_MY_Nodes Rev1 (Existing Cap, Historical Prod).csv",Interpolated trajectory on Historical Production | sourced from year-wide Rev1 input,"Transformation_ Input LEAP_ID_MY_Nodes Rev1 (Existing Cap, Historical Prod).csv",power_historical_production,High,passthrough — input unit preserved (no conversion)
Indonesia,Transformation\Centralized Electricity Generation\Processes\Biomass Other_IDJW,Historical Production,"Interp(2005, 0, 2006, 0, 2007, 0, 2008, 0, 2009, 0, 2010, 0, 2011, 0, 2012, 0, 2013, 0, 2014, 0, 2015, 0, 2016, 0, 2017, 0, 2018, 1551.600284, 2019, 1562.540007, 2020, 1408.29303, 2021, 1394.207372, 2022, 1868.387773, 2023, 2223.383278, 2024, 2188.011687, FirstScenarioYear, 0)",Gigawatt-Hour,,"Transformation_ Input LEAP_ID_MY_Nodes Rev1 (Existing Cap, Historical Prod).csv",Interpolated trajectory on Historical Production | sourced from year-wide Rev1 input,"Transformation_ Input LEAP_ID_MY_Nodes Rev1 (Existing Cap, Historical Prod).csv",power_historical_production,High,passthrough — input unit preserved (no conversion)
Indonesia,Transformation\Centralized Electricity Generation\Processes\Biomass Other_IDKA,Historical Production,"Interp(2005, 0, 2006, 0, 2007, 0, 2008, 0, 2009, 0, 2010, 0, 2011, 0, 2012, 0, 2013, 0, 2014, 0, 2015, 0, 2016, 0, 2017, 0, 2018, 438.4957326, 2019, 441.5873933, 2020, 404.0184922, 2021, 399.9775247, 2022, 536.0128858, 2023, 637.8558586, 2024, 627.7082709, FirstScenarioYear, 0)",Gigawatt-Hour,,"Transformation_ Input LEAP_ID_MY_Nodes Rev1 (Existing Cap, Historical Prod).csv",Interpolated trajectory on Historical Production | sourced from year-wide Rev1 input,"Transformation_ Input LEAP_ID_MY_Nodes Rev1 (Existing Cap, Historical Prod).csv",power_historical_production,High,passthrough — input unit preserved (no conversion)
Indonesia,Transformation\Centralized Electricity Generation\Processes\Biomass Other_IDEast,Historical Production,"Interp(2005, 0, 2006, 0, 2007, 0, 2008, 0, 2009, 0, 2010, 0, 2011, 0, 2012, 0, 2013, 0, 2014, 0, 2015, 0, 2016, 0, 2017, 0, 2018, 134.9217639, 2019, 135.8730441, 2020, 126.9772404, 2021, 125.7072221, 2022, 168.4611927, 2023, 200.4689841, 2024, 197.2797423, FirstScenarioYear, 0)",Gigawatt-Hour,,"Transformation_ Input LEAP_ID_MY_Nodes Rev1 (Existing Cap, Historical Prod).csv",Interpolated trajectory on Historical Production | sourced from year-wide Rev1 input,"Transformation_ Input LEAP_ID_MY_Nodes Rev1 (Existing Cap, Historical Prod).csv",power_historical_production,High,passthrough — input unit preserved (no conversion)
Indonesia,Transformation\Centralized Electricity Generation\Processes\Biogas_IDSA,Historical Production,"Interp(2005, 0, 2006, 0, 2007, 0, 2008, 0, 2009, 0, 2010, 0, 2011, 0, 2012, 0, 2013, 0, 2014, 0, 2015, 0, 2016, 0, 2017, 0, 2018, 352.0458265, 2019, 455.1554828, 2020, 614.6153846, 2021, 675, 2022, 749.6808511, 2023, 726.7021277, 2024, 799.2287234, FirstScenarioYear, 0)",Gigawatt-Hour,,"Transformation_ Input LEAP_ID_MY_Nodes Rev1 (Existing Cap, Historical Prod).csv",Interpolated trajectory on Historical Production | sourced from year-wide Rev1 input,"Transformation_ Input LEAP_ID_MY_Nodes Rev1 (Existing Cap, Historical Prod).csv",power_historical_production,High,passthrough — input unit preserved (no conversion)
Indonesia,Transformation\Centralized Electricity Generation\Processes\Biogas_IDJW,Historical Production,"Interp(2005, 0, 2006, 0, 2007, 0, 2008, 0, 2009, 0, 2010, 0, 2011, 0, 2012, 0, 2013, 0, 2014, 0, 2015, 0, 2016, 0, 2017, 0, 2018, 8.605564648, 2019, 11.12602291, 2020, 13.65811966, 2021, 15, 2022, 16.65957447, 2023, 16.14893617, 2024, 17.7606383, FirstScenarioYear, 0)",Gigawatt-Hour,,"Transformation_ Input LEAP_ID_MY_Nodes Rev1 (Existing Cap, Historical Prod).csv",Interpolated trajectory on Historical Production | sourced from year-wide Rev1 input,"Transformation_ Input LEAP_ID_MY_Nodes Rev1 (Existing Cap, Historical Prod).csv",power_historical_production,High,passthrough — input unit preserved (no conversion)
Indonesia,Transformation\Centralized Electricity Generation\Processes\Biogas_IDKA,Historical Production,"Interp(2005, 0, 2006, 0, 2007, 0, 2008, 0, 2009, 0, 2010, 0, 2011, 0, 2012, 0, 2013, 0, 2014, 0, 2015, 0, 2016, 0, 2017, 0, 2018, 117.3486088, 2019, 151.7184943, 2020, 170.7264957, 2021, 250, 2022, 277.6595745, 2023, 269.1489362, 2024, 296.0106383, FirstScenarioYear, 0)",Gigawatt-Hour,,"Transformation_ Input LEAP_ID_MY_Nodes Rev1 (Existing Cap, Historical Prod).csv",Interpolated trajectory on Historical Production | sourced from year-wide Rev1 input,"Transformation_ Input LEAP_ID_MY_Nodes Rev1 (Existing Cap, Historical Prod).csv",power_historical_production,High,passthrough — input unit preserved (no conversion)
Indonesia,Transformation\Centralized Electricity Generation\Processes\Solar PV_IDSA,Historical Production,"Interp(2005, 0, 2006, 0, 2007, 0, 2008, 0, 2009, 0, 2010, 0.04785302, 2011, 0.07085928, 2012, 0.276995366, 2013, 0.506137712, 2014, 0.626690513, 2015, 0.485892204, 2016, 1.940808064, 2017, 2.673327372, 2018, 8.307100236, 2019, 10.88748232, 2020, 14.45291919, 2021, 20.98637183, 2022, 41.6153248, 2023, 66.86887653, 2024, 126.7976453, FirstScenarioYear, 0)",Gigawatt-Hour,,"Transformation_ Input LEAP_ID_MY_Nodes Rev1 (Existing Cap, Historical Prod).csv",Interpolated trajectory on Historical Production | sourced from year-wide Rev1 input,"Transformation_ Input LEAP_ID_MY_Nodes Rev1 (Existing Cap, Historical Prod).csv",power_historical_production,High,passthrough — input unit preserved (no conversion)
Indonesia,Transformation\Centralized Electricity Generation\Processes\Solar PV_IDJW,Historical Production,"Interp(2005, 0, 2006, 0, 2007, 0, 2008, 0, 2009, 0, 2010, 0.084545972, 2011, 0.125193074, 2012, 0.489391106, 2013, 0.894236241, 2014, 1.107227055, 2015, 0.858466791, 2016, 3.428989513, 2017, 4.723193236, 2018, 14.67685554, 2019, 19.23583449, 2020, 28.82469918, 2021, 29.65962957, 2022, 58.81412603, 2023, 94.50447764, 2024, 179.2006364, FirstScenarioYear, 0)",Gigawatt-Hour,,"Transformation_ Input LEAP_ID_MY_Nodes Rev1 (Existing Cap, Historical Prod).csv",Interpolated trajectory on Historical Production | sourced from year-wide Rev1 input,"Transformation_ Input LEAP_ID_MY_Nodes Rev1 (Existing Cap, Historical Prod).csv",power_historical_production,High,passthrough — input unit preserved (no conversion)
Indonesia,Transformation\Centralized Electricity Generation\Processes\Solar PV_IDKA,Historical Production,"Interp(2005, 0, 2006, 0, 2007, 0, 2008, 0, 2009, 0, 2010, 0.057153077, 2011, 0.084630518, 2012, 0.330828388, 2013, 0.604503699, 2014, 0.748485489, 2015, 0.580323551, 2016, 2.317996911, 2017, 3.192878628, 2018, 9.921554345, 2019, 13.00342411, 2020, 19.5444037, 2021, 26.18616664, 2022, 51.92635671, 2023, 83.43698271, 2024, 158.2143066, FirstScenarioYear, 0)",Gigawatt-Hour,,"Transformation_ Input LEAP_ID_MY_Nodes Rev1 (Existing Cap, Historical Prod).csv",Interpolated trajectory on Historical Production | sourced from year-wide Rev1 input,"Transformation_ Input LEAP_ID_MY_Nodes Rev1 (Existing Cap, Historical Prod).csv",power_historical_production,High,passthrough — input unit preserved (no conversion)
Indonesia,Transformation\Centralized Electricity Generation\Processes\Solar PV_IDEast,Historical Production,"Interp(2005, 0, 2006, 0, 2007, 0, 2008, 0, 2009, 0, 2010, 0.330447931, 2011, 0.489317129, 2012, 1.912785139, 2013, 3.495122348, 2014, 4.327596943, 2015, 3.355317454, 2016, 13.40220551, 2017, 18.46060076, 2018, 57.36448988, 2019, 75.18325908, 2020, 108.1179779, 2021, 115.757832, 2022, 291.3741925, 2023, 468.1896631, 2024, 887.7874117, FirstScenarioYear, 0)",Gigawatt-Hour,,"Transformation_ Input LEAP_ID_MY_Nodes Rev1 (Existing Cap, Historical Prod).csv",Interpolated trajectory on Historical Production | sourced from year-wide Rev1 input,"Transformation_ Input LEAP_ID_MY_Nodes Rev1 (Existing Cap, Historical Prod).csv",power_historical_production,High,passthrough — input unit preserved (no conversion)
Indonesia,Transformation\Centralized Electricity Generation\Processes\Wind Onshore_IDSA,Historical Production,"Interp(2005, 0, 2006, 0, 2007, 0, 2008, 0, 2009, 0, 2010, 0, 2011, 0, 2012, 0, 2013, 0, 2014, 0, 2015, 0, 2016, 0, 2017, 0, 2018, 0, 2019, 0, 2020, 0, 2021, 0, 2022, 0, 2023, 0, 2024, 0, FirstScenarioYear, 0)",Gigawatt-Hour,,"Transformation_ Input LEAP_ID_MY_Nodes Rev1 (Existing Cap, Historical Prod).csv",Interpolated trajectory on Historical Production | sourced from year-wide Rev1 input,"Transformation_ Input LEAP_ID_MY_Nodes Rev1 (Existing Cap, Historical Prod).csv",power_historical_production,High,passthrough — input unit preserved (no conversion)
Indonesia,Transformation\Centralized Electricity Generation\Processes\Wind Onshore_IDJW,Historical Production,"Interp(2005, 0, 2006, 0, 2007, 0.000206186, 2008, 0.003092784, 2009, 0.03814433, 2010, 0.03742268, 2011, 0.048453608, 2012, 0.04742268, 2013, 0.001030928, 2014, 0, 2015, 0.03814433, 2016, 0.058762887, 2017, 0, 2018, 1.958762887, 2019, 4.989690722, 2020, 4.896907216, 2021, 5.022988506, 2022, 4.091954023, 2023, 5.528735632, 2024, 5.367816092, FirstScenarioYear, 0)",Gigawatt-Hour,,"Transformation_ Input LEAP_ID_MY_Nodes Rev1 (Existing Cap, Historical Prod).csv",Interpolated trajectory on Historical Production | sourced from year-wide Rev1 input,"Transformation_ Input LEAP_ID_MY_Nodes Rev1 (Existing Cap, Historical Prod).csv",power_historical_production,High,passthrough — input unit preserved (no conversion)
Indonesia,Transformation\Centralized Electricity Generation\Processes\Wind Onshore_IDKA,Historical Production,"Interp(2005, 0, 2006, 0, 2007, 0, 2008, 0, 2009, 0, 2010, 0, 2011, 0, 2012, 0, 2013, 0, 2014, 0, 2015, 0, 2016, 0, 2017, 0, 2018, 0, 2019, 0, 2020, 0, 2021, 0, 2022, 0, 2023, 0, 2024, 0, FirstScenarioYear, 0)",Gigawatt-Hour,,"Transformation_ Input LEAP_ID_MY_Nodes Rev1 (Existing Cap, Historical Prod).csv",Interpolated trajectory on Historical Production | sourced from year-wide Rev1 input,"Transformation_ Input LEAP_ID_MY_Nodes Rev1 (Existing Cap, Historical Prod).csv",power_historical_production,High,passthrough — input unit preserved (no conversion)
Indonesia,Transformation\Centralized Electricity Generation\Processes\Wind Onshore_IDEast,Historical Production,"Interp(2005, 0, 2006, 0, 2007, 0.019793814, 2008, 0.296907216, 2009, 3.66185567, 2010, 3.59257732, 2011, 4.651546392, 2012, 4.55257732, 2013, 0.098969072, 2014, 0, 2015, 3.66185567, 2016, 5.641237113, 2017, 0, 2018, 188.0412371, 2019, 479.0103093, 2020, 470.1030928, 2021, 431.9770115, 2022, 351.908046, 2023, 475.4712644, 2024, 461.6321839, FirstScenarioYear, 0)",Gigawatt-Hour,,"Transformation_ Input LEAP_ID_MY_Nodes Rev1 (Existing Cap, Historical Prod).csv",Interpolated trajectory on Historical Production | sourced from year-wide Rev1 input,"Transformation_ Input LEAP_ID_MY_Nodes Rev1 (Existing Cap, Historical Prod).csv",power_historical_production,High,passthrough — input unit preserved (no conversion)
Malaysia,Transformation\Centralized Electricity Generation\Processes\Coal Subcritical_MYPE,Historical Production,"Interp(2005, 21740.32671, 2006, 23803.27087, 2007, 29550.62073, 2008, 32828.5394, 2009, 39777.40394, 2010, 42708.05884, 2011, 43907.77887, 2012, 47184.80022, 2013, 45536.419, 2014, 45347.08397, 2015, 46664.35323, 2016, 46528.85755, 2017, 46340.41985, 2018, 55480.36619, 2019, 54852.24052, 2020, 63799.88169, 2021, 60898.87432, 2022, 59023.71282, 2023, 61462.99398, 2024, 64251.87195, FirstScenarioYear, 0)",Gigawatt-Hour,,"Transformation_ Input LEAP_ID_MY_Nodes Rev1 (Existing Cap, Historical Prod).csv",Interpolated trajectory on Historical Production | sourced from year-wide Rev1 input,"Transformation_ Input LEAP_ID_MY_Nodes Rev1 (Existing Cap, Historical Prod).csv",power_historical_production,High,passthrough — input unit preserved (no conversion)
Malaysia,Transformation\Centralized Electricity Generation\Processes\Diesel_MYPE,Historical Production,"Interp(2005, 155.8603009, 2006, 213.0239643, 2007, 197.3932751, 2008, 184.1071893, 2009, 192.7040684, 2010, 185.2236671, 2011, 1049.824076, 2012, 671.4497492, 2013, 596.0874977, 2014, 389.6507524, 2015, 194.1554895, 2016, 132.1909716, 2017, 189.2429872, 2018, 103.7207877, 2019, 112.7642578, 2020, 94.44955601, 2021, 108.8811481, 2022, 312.9487275, 2023, 307.2546907, 2024, 138.2199517, FirstScenarioYear, 0)",Gigawatt-Hour,,"Transformation_ Input LEAP_ID_MY_Nodes Rev1 (Existing Cap, Historical Prod).csv",Interpolated trajectory on Historical Production | sourced from year-wide Rev1 input,"Transformation_ Input LEAP_ID_MY_Nodes Rev1 (Existing Cap, Historical Prod).csv",power_historical_production,High,passthrough — input unit preserved (no conversion)
Malaysia,Transformation\Centralized Electricity Generation\Processes\Gas Combined Cycle_MYPE,Historical Production,"Interp(2005, 50986.33732, 2006, 53786.61632, 2007, 54450.9767, 2008, 56287.1027, 2009, 52625.64656, 2010, 50941.493, 2011, 46282.66584, 2012, 52068.41429, 2013, 56272.15459, 2014, 61317.14122, 2015, 58099.97608, 2016, 55501.49655, 2017, 51596.71842, 2018, 53192.84423, 2019, 60024.96028, 2020, 44587.66659, 2021, 48514.05304, 2022, 58371.53339, 2023, 62139.28719, 2024, 62423.30125, FirstScenarioYear, 0)",Gigawatt-Hour,,"Transformation_ Input LEAP_ID_MY_Nodes Rev1 (Existing Cap, Historical Prod).csv",Interpolated trajectory on Historical Production | sourced from year-wide Rev1 input,"Transformation_ Input LEAP_ID_MY_Nodes Rev1 (Existing Cap, Historical Prod).csv",power_historical_production,High,passthrough — input unit preserved (no conversion)
Malaysia,Transformation\Centralized Electricity Generation\Processes\Large Hydro_MYPE,Historical Production,"Interp(2005, 2563.58461, 2006, 2698.442732, 2007, 2542.2463, 2008, 3331.763784, 2009, 2940.419171, 2010, 2714.659847, 2011, 3438.02857, 2012, 3864.794777, 2013, 4517.747075, 2014, 5713.545989, 2015, 5942.292677, 2016, 8545.566544, 2017, 11456.96561, 2018, 11234.62042, 2019, 11179.56758, 2020, 11650.43154, 2021, 13274.6013, 2022, 13628.35208, 2023, 13662.49337, 2024, 14380.7409, FirstScenarioYear, 0)",Gigawatt-Hour,,"Transformation_ Input LEAP_ID_MY_Nodes Rev1 (Existing Cap, Historical Prod).csv",Interpolated trajectory on Historical Production | sourced from year-wide Rev1 input,"Transformation_ Input LEAP_ID_MY_Nodes Rev1 (Existing Cap, Historical Prod).csv",power_historical_production,High,passthrough — input unit preserved (no conversion)
Malaysia,Transformation\Centralized Electricity Generation\Processes\Solar PV_MYPE,Historical Production,"Interp(2005, 0, 2006, 0, 2007, 0, 2008, 0, 2009, 0, 2010, 0, 2011, 0, 2012, 43.15883146, 2013, 128.4706742, 2014, 207.4732809, 2015, 249.8091685, 2016, 283.915618, 2017, 302.020382, 2018, 577.8894382, 2019, 1334.083371, 2020, 1882.575427, 2021, 1921.592108, 2022, 3119.871461, 2023, 4026.024045, 2024, 5823.699101, FirstScenarioYear, 0)",Gigawatt-Hour,,"Transformation_ Input LEAP_ID_MY_Nodes Rev1 (Existing Cap, Historical Prod).csv",Interpolated trajectory on Historical Production | sourced from year-wide Rev1 input,"Transformation_ Input LEAP_ID_MY_Nodes Rev1 (Existing Cap, Historical Prod).csv",power_historical_production,High,passthrough — input unit preserved (no conversion)
Malaysia,Transformation\Centralized Electricity Generation\Processes\Biomass Other_MYPE,Historical Production,"Interp(2005, 0, 2006, 0, 2007, 0, 2008, 0, 2009, 0, 2010, 0, 2011, 0, 2012, 507.4478714, 2013, 709.4665508, 2014, 415.3708949, 2015, 438.9984361, 2016, 439.19053, 2017, 391.4231972, 2018, 731.2115725, 2019, 614.8475326, 2020, 667.5644831, 2021, 663.7674283, 2022, 588.447437, 2023, 686.4152911, 2024, 644.1546481, FirstScenarioYear, 0)",Gigawatt-Hour,,"Transformation_ Input LEAP_ID_MY_Nodes Rev1 (Existing Cap, Historical Prod).csv",Interpolated trajectory on Historical Production | sourced from year-wide Rev1 input,"Transformation_ Input LEAP_ID_MY_Nodes Rev1 (Existing Cap, Historical Prod).csv",power_historical_production,High,passthrough — input unit preserved (no conversion)
Malaysia,Transformation\Centralized Electricity Generation\Processes\Diesel_MYSB,Historical Production,"Interp(2005, 936.1991455, 2006, 1279.561583, 2007, 1185.673416, 2008, 1105.868475, 2009, 1157.506966, 2010, 1112.574772, 2011, 6305.931637, 2012, 4033.167379, 2013, 3580.492291, 2014, 2340.497864, 2015, 1166.225153, 2016, 794.0256363, 2017, 1136.717444, 2018, 623.0150474, 2019, 677.336058, 2020, 567.3259521, 2021, 654.0115549, 2022, 1879.775218, 2023, 1845.573101, 2024, 830.2396433, FirstScenarioYear, 0)",Gigawatt-Hour,,"Transformation_ Input LEAP_ID_MY_Nodes Rev1 (Existing Cap, Historical Prod).csv",Interpolated trajectory on Historical Production | sourced from year-wide Rev1 input,"Transformation_ Input LEAP_ID_MY_Nodes Rev1 (Existing Cap, Historical Prod).csv",power_historical_production,High,passthrough — input unit preserved (no conversion)
Malaysia,Transformation\Centralized Electricity Generation\Processes\Gas Combined Cycle_MYSB,Historical Production,"Interp(2005, 5714.761714, 2006, 6028.628684, 2007, 6103.092971, 2008, 6308.893645, 2009, 5898.502342, 2010, 5709.735375, 2011, 5187.554561, 2012, 5836.045422, 2013, 6307.218198, 2014, 6872.681378, 2015, 6512.088068, 2016, 6220.839625, 2017, 5783.175778, 2018, 5962.076228, 2019, 6727.84834, 2020, 4997.571964, 2021, 5437.657762, 2022, 6542.525346, 2023, 6964.830934, 2024, 6996.664417, FirstScenarioYear, 0)",Gigawatt-Hour,,"Transformation_ Input LEAP_ID_MY_Nodes Rev1 (Existing Cap, Historical Prod).csv",Interpolated trajectory on Historical Production | sourced from year-wide Rev1 input,"Transformation_ Input LEAP_ID_MY_Nodes Rev1 (Existing Cap, Historical Prod).csv",power_historical_production,High,passthrough — input unit preserved (no conversion)
Malaysia,Transformation\Centralized Electricity Generation\Processes\Large Hydro_MYSB,Historical Production,"Interp(2005, 85.03218926, 2006, 89.50533256, 2007, 84.32441342, 2008, 110.5121194, 2009, 97.53151057, 2010, 90.0432422, 2011, 114.0368431, 2012, 128.1923599, 2013, 149.8503006, 2014, 189.5140586, 2015, 197.1014156, 2016, 283.4500679, 2017, 380.0190033, 2018, 372.6439791, 2019, 370.8179174, 2020, 386.4361237, 2021, 440.3086232, 2022, 452.0422726, 2023, 453.174714, 2024, 476.9984487, FirstScenarioYear, 0)",Gigawatt-Hour,,"Transformation_ Input LEAP_ID_MY_Nodes Rev1 (Existing Cap, Historical Prod).csv",Interpolated trajectory on Historical Production | sourced from year-wide Rev1 input,"Transformation_ Input LEAP_ID_MY_Nodes Rev1 (Existing Cap, Historical Prod).csv",power_historical_production,High,passthrough — input unit preserved (no conversion)
Malaysia,Transformation\Centralized Electricity Generation\Processes\Solar PV_MYSB,Historical Production,"Interp(2005, 0, 2006, 0, 2007, 0, 2008, 0, 2009, 0, 2010, 0, 2011, 0, 2012, 4.041168539, 2013, 12.02932584, 2014, 19.4267191, 2015, 23.39083146, 2016, 26.58438202, 2017, 28.27961798, 2018, 54.1105618, 2019, 124.9166292, 2020, 176.274573, 2021, 179.9278921, 2022, 292.1285393, 2023, 376.9759551, 2024, 545.3008989, FirstScenarioYear, 0)",Gigawatt-Hour,,"Transformation_ Input LEAP_ID_MY_Nodes Rev1 (Existing Cap, Historical Prod).csv",Interpolated trajectory on Historical Production | sourced from year-wide Rev1 input,"Transformation_ Input LEAP_ID_MY_Nodes Rev1 (Existing Cap, Historical Prod).csv",power_historical_production,High,passthrough — input unit preserved (no conversion)
Malaysia,Transformation\Centralized Electricity Generation\Processes\Biomass Other_MYSB,Historical Production,"Interp(2005, 0, 2006, 0, 2007, 0, 2008, 0, 2009, 0, 2010, 0, 2011, 0, 2012, 218.7235737, 2013, 305.7990153, 2014, 179.0359398, 2015, 189.2200405, 2016, 189.3028381, 2017, 168.713843, 2018, 315.1717, 2019, 265.0156936, 2020, 287.738106, 2021, 286.1014741, 2022, 253.6365479, 2023, 295.8633073, 2024, 277.6478425, FirstScenarioYear, 0)",Gigawatt-Hour,,"Transformation_ Input LEAP_ID_MY_Nodes Rev1 (Existing Cap, Historical Prod).csv",Interpolated trajectory on Historical Production | sourced from year-wide Rev1 input,"Transformation_ Input LEAP_ID_MY_Nodes Rev1 (Existing Cap, Historical Prod).csv",power_historical_production,High,passthrough — input unit preserved (no conversion)
Malaysia,Transformation\Centralized Electricity Generation\Processes\Coal Subcritical_MYSR,Historical Production,"Interp(2005, 2487.673292, 2006, 2723.729132, 2007, 3381.379265, 2008, 3756.460598, 2009, 4551.59606, 2010, 4886.941156, 2011, 5024.221129, 2012, 5399.199784, 2013, 5210.581003, 2014, 5188.916026, 2015, 5339.646767, 2016, 5324.142447, 2017, 5302.580147, 2018, 6348.433813, 2019, 6276.559481, 2020, 7300.408307, 2021, 6968.45568, 2022, 6753.887185, 2023, 7033.006017, 2024, 7352.128049, FirstScenarioYear, 0)",Gigawatt-Hour,,"Transformation_ Input LEAP_ID_MY_Nodes Rev1 (Existing Cap, Historical Prod).csv",Interpolated trajectory on Historical Production | sourced from year-wide Rev1 input,"Transformation_ Input LEAP_ID_MY_Nodes Rev1 (Existing Cap, Historical Prod).csv",power_historical_production,High,passthrough — input unit preserved (no conversion)
Malaysia,Transformation\Centralized Electricity Generation\Processes\Diesel_MYSR,Historical Production,"Interp(2005, 303.9405536, 2006, 415.4144529, 2007, 384.9333086, 2008, 359.0243359, 2009, 375.7889653, 2010, 361.2015605, 2011, 2047.244288, 2012, 1309.382872, 2013, 1162.420212, 2014, 759.851384, 2015, 378.6193572, 2016, 257.7833922, 2017, 369.039569, 2018, 202.264165, 2019, 219.8996842, 2020, 184.1844919, 2021, 212.327297, 2022, 610.2760542, 2023, 599.1722088, 2024, 269.540405, FirstScenarioYear, 0)",Gigawatt-Hour,,"Transformation_ Input LEAP_ID_MY_Nodes Rev1 (Existing Cap, Historical Prod).csv",Interpolated trajectory on Historical Production | sourced from year-wide Rev1 input,"Transformation_ Input LEAP_ID_MY_Nodes Rev1 (Existing Cap, Historical Prod).csv",power_historical_production,High,passthrough — input unit preserved (no conversion)
Malaysia,Transformation\Centralized Electricity Generation\Processes\Gas Combined Cycle_MYSR,Historical Production,"Interp(2005, 4694.900964, 2006, 4952.754995, 2007, 5013.930328, 2008, 5183.003656, 2009, 4845.851099, 2010, 4690.771629, 2011, 4261.779604, 2012, 4794.540289, 2013, 5181.627211, 2014, 5646.177399, 2015, 5349.935847, 2016, 5110.663824, 2017, 4751.105802, 2018, 4898.07954, 2019, 5527.191376, 2020, 4105.701446, 2021, 4467.249196, 2022, 5374.941265, 2023, 5721.881874, 2024, 5748.034329, FirstScenarioYear, 0)",Gigawatt-Hour,,"Transformation_ Input LEAP_ID_MY_Nodes Rev1 (Existing Cap, Historical Prod).csv",Interpolated trajectory on Historical Production | sourced from year-wide Rev1 input,"Transformation_ Input LEAP_ID_MY_Nodes Rev1 (Existing Cap, Historical Prod).csv",power_historical_production,High,passthrough — input unit preserved (no conversion)
Malaysia,Transformation\Centralized Electricity Generation\Processes\Large Hydro_MYSR,Historical Production,"Interp(2005, 3358.383201, 2006, 3535.051936, 2007, 3330.429287, 2008, 4364.724097, 2009, 3852.049318, 2010, 3556.29691, 2011, 4503.934587, 2012, 5063.012863, 2013, 5918.402624, 2014, 7484.939952, 2015, 7784.605908, 2016, 11194.98339, 2017, 15009.01538, 2018, 14717.7356, 2019, 14645.6145, 2020, 15262.46234, 2021, 17390.18008, 2022, 17853.60565, 2023, 17898.33191, 2024, 18839.26065, FirstScenarioYear, 0)",Gigawatt-Hour,,"Transformation_ Input LEAP_ID_MY_Nodes Rev1 (Existing Cap, Historical Prod).csv",Interpolated trajectory on Historical Production | sourced from year-wide Rev1 input,"Transformation_ Input LEAP_ID_MY_Nodes Rev1 (Existing Cap, Historical Prod).csv",power_historical_production,High,passthrough — input unit preserved (no conversion)
Malaysia,Transformation\Centralized Electricity Generation\Processes\Biomass Other_MYSR,Historical Production,"Interp(2005, 0, 2006, 0, 2007, 0, 2008, 0, 2009, 0, 2010, 0, 2011, 0, 2012, 66.32855488, 2013, 92.73443383, 2014, 54.29316536, 2015, 57.38152331, 2016, 57.40663191, 2017, 51.16295975, 2018, 95.57672748, 2019, 80.36677382, 2020, 87.25741095, 2021, 86.7610976, 2022, 76.91601506, 2023, 89.72140168, 2024, 84.19750941, FirstScenarioYear, 0)",Gigawatt-Hour,,"Transformation_ Input LEAP_ID_MY_Nodes Rev1 (Existing Cap, Historical Prod).csv",Interpolated trajectory on Historical Production | sourced from year-wide Rev1 input,"Transformation_ Input LEAP_ID_MY_Nodes Rev1 (Existing Cap, Historical Prod).csv",power_historical_production,High,passthrough — input unit preserved (no conversion)
