ams,branch,variable,expression,unit,fuel,source,note,src_csv,domain,data_confidence
Indonesia,Transformation\Centralized Electricity Generation\Processes\Coal Subcritical_IDSA,Existing Capacity,"Interp(2005, 1068.391948, 2006, 1223.993647, 2007, 1316.478037, 2008, 1347.160062, 2009, 1380.03366, 2010, 1422.495392, 2011, 1792.59732, 2012, 1841.469403, 2013, 2286.745581, 2014, 2428.288337, 2015, 2661.197782, 2016, 2672.429595, 2017, 2563.724275, 2018, 3087.726146, 2019, 3432.898929, 2020, 4032.834011, 2021, 3981.428399, 2022, 4405.624248, 2023, 5141.467854, 2024, 5614.98757, FirstScenarioYear, 0)",Megawatt,,"Transformation_ Input LEAP_ID_MY_Nodes Rev1.csv (round 2 ID/MY subnational, 2026-05-07)","Round 2 — ID/MY subnational EC+HP from Rev1 LEAP-export, anchor with FirstScenarioYear=0",Transformation_ Input LEAP_ID_MY_Nodes Rev1.csv,power_existing_capacity,High
Indonesia,Transformation\Centralized Electricity Generation\Processes\Coal Subcritical_IDJW,Existing Capacity,"Interp(2005, 7481.571872, 2006, 8571.195673, 2007, 9218.831228, 2008, 9433.686626, 2009, 9663.888837, 2010, 9961.23336, 2011, 12552.92659, 2012, 12895.16055, 2013, 16013.27252, 2014, 17004.44651, 2015, 18635.42918, 2016, 18714.0816, 2017, 17952.8566, 2018, 21622.25683, 2019, 24039.38005, 2020, 24150.62428, 2021, 24125.31673, 2022, 28447.55458, 2023, 33198.97004, 2024, 36256.53401, FirstScenarioYear, 0)",Megawatt,,"Transformation_ Input LEAP_ID_MY_Nodes Rev1.csv (round 2 ID/MY subnational, 2026-05-07)","Round 2 — ID/MY subnational EC+HP from Rev1 LEAP-export, anchor with FirstScenarioYear=0",Transformation_ Input LEAP_ID_MY_Nodes Rev1.csv,power_existing_capacity,High
Indonesia,Transformation\Centralized Electricity Generation\Processes\Coal Subcritical_IDKA,Existing Capacity,"Interp(2005, 366.712342, 2006, 420.120704, 2007, 451.864829, 2008, 462.396055, 2009, 473.679512, 2010, 488.253977, 2011, 615.286893, 2012, 632.061632, 2013, 784.897181, 2014, 833.479985, 2015, 913.423275, 2016, 917.278456, 2017, 879.966698, 2018, 1059.823869, 2019, 1178.300164, 2020, 2164.723311, 2021, 2431.773647, 2022, 2343.71034, 2023, 2735.165483, 2024, 2987.069184, FirstScenarioYear, 0)",Megawatt,,"Transformation_ Input LEAP_ID_MY_Nodes Rev1.csv (round 2 ID/MY subnational, 2026-05-07)","Round 2 — ID/MY subnational EC+HP from Rev1 LEAP-export, anchor with FirstScenarioYear=0",Transformation_ Input LEAP_ID_MY_Nodes Rev1.csv,power_existing_capacity,High
Indonesia,Transformation\Centralized Electricity Generation\Processes\Coal Subcritical_IDEast,Existing Capacity,"Interp(2005, 833.323838, 2006, 954.689976, 2007, 1026.825906, 2008, 1050.757257, 2009, 1076.397991, 2010, 1109.517272, 2011, 1398.189196, 2012, 1436.30842, 2013, 1783.614719, 2014, 1894.01517, 2015, 2075.679767, 2016, 2084.440351, 2017, 1999.652428, 2018, 2408.363155, 2019, 2677.590857, 2020, 2910.688399, 2021, 3088.851228, 2022, 7438.380834, 2023, 8680.766628, 2024, 9480.24924, FirstScenarioYear, 0)",Megawatt,,"Transformation_ Input LEAP_ID_MY_Nodes Rev1.csv (round 2 ID/MY subnational, 2026-05-07)","Round 2 — ID/MY subnational EC+HP from Rev1 LEAP-export, anchor with FirstScenarioYear=0",Transformation_ Input LEAP_ID_MY_Nodes Rev1.csv,power_existing_capacity,High
Indonesia,Transformation\Centralized Electricity Generation\Processes\Gas Combined Cycle_IDSA,Existing Capacity,"Interp(2005, 867.163459, 2006, 959.895214, 2007, 964.907741, 2008, 1003.754827, 2009, 1003.754827, 2010, 951.167151, 2011, 1062.777336, 2012, 1185.601798, 2013, 1234.611783, 2014, 1271.441328, 2015, 1271.441328, 2016, 1271.441328, 2017, 1271.441328, 2018, 1406.026432, 2019, 1462.29205, 2020, 1503.081009, 2021, 1486.043181, 2022, 1581.699662, 2023, 1896.6758, 2024, 2219.284324, FirstScenarioYear, 0)",Megawatt,,"Transformation_ Input LEAP_ID_MY_Nodes Rev1.csv (round 2 ID/MY subnational, 2026-05-07)","Round 2 — ID/MY subnational EC+HP from Rev1 LEAP-export, anchor with FirstScenarioYear=0",Transformation_ Input LEAP_ID_MY_Nodes Rev1.csv,power_existing_capacity,High
Indonesia,Transformation\Centralized Electricity Generation\Processes\Gas Combined Cycle_IDJW,Existing Capacity,"Interp(2005, 5834.190965, 2006, 6458.081143, 2007, 6491.804936, 2008, 6753.164335, 2009, 6753.164335, 2010, 6399.359587, 2011, 7150.262002, 2012, 7976.612974, 2013, 8306.347364, 2014, 8554.132936, 2015, 8554.132936, 2016, 8554.132936, 2017, 8554.132936, 2018, 9459.608357, 2019, 9838.157938, 2020, 10314.95253, 2021, 10373.65996, 2022, 11037.16393, 2023, 13235.0801, 2024, 15486.25537, FirstScenarioYear, 0)",Megawatt,,"Transformation_ Input LEAP_ID_MY_Nodes Rev1.csv (round 2 ID/MY subnational, 2026-05-07)","Round 2 — ID/MY subnational EC+HP from Rev1 LEAP-export, anchor with FirstScenarioYear=0",Transformation_ Input LEAP_ID_MY_Nodes Rev1.csv,power_existing_capacity,High
Indonesia,Transformation\Centralized Electricity Generation\Processes\Gas Combined Cycle_IDKA,Existing Capacity,"Interp(2005, 34.978492, 2006, 38.718983, 2007, 38.921172, 2008, 40.488134, 2009, 40.488134, 2010, 38.366922, 2011, 42.868906, 2012, 47.823237, 2013, 49.800136, 2014, 51.285718, 2015, 51.285718, 2016, 51.285718, 2017, 51.285718, 2018, 56.714434, 2019, 58.984002, 2020, 99.49267, 2021, 98.364893, 2022, 127.410098, 2023, 152.78226, 2024, 178.769231, FirstScenarioYear, 0)",Megawatt,,"Transformation_ Input LEAP_ID_MY_Nodes Rev1.csv (round 2 ID/MY subnational, 2026-05-07)","Round 2 — ID/MY subnational EC+HP from Rev1 LEAP-export, anchor with FirstScenarioYear=0",Transformation_ Input LEAP_ID_MY_Nodes Rev1.csv,power_existing_capacity,High
Indonesia,Transformation\Centralized Electricity Generation\Processes\Gas Combined Cycle_IDEast,Existing Capacity,"Interp(2005, 183.637084, 2006, 203.274661, 2007, 204.336151, 2008, 212.562704, 2009, 212.562704, 2010, 201.42634, 2011, 225.061756, 2012, 251.071992, 2013, 261.450716, 2014, 269.250019, 2015, 269.250019, 2016, 269.250019, 2017, 269.250019, 2018, 297.750777, 2019, 309.66601, 2020, 318.303787, 2021, 453.041965, 2022, 651.486313, 2023, 781.221842, 2024, 914.101075, FirstScenarioYear, 0)",Megawatt,,"Transformation_ Input LEAP_ID_MY_Nodes Rev1.csv (round 2 ID/MY subnational, 2026-05-07)","Round 2 — ID/MY subnational EC+HP from Rev1 LEAP-export, anchor with FirstScenarioYear=0",Transformation_ Input LEAP_ID_MY_Nodes Rev1.csv,power_existing_capacity,High
Indonesia,Transformation\Centralized Electricity Generation\Processes\Gas Turbine_IDSA,Existing Capacity,"Interp(2005, 798.525424, 2006, 799.452939, 2007, 829.656412, 2008, 790.698234, 2009, 807.937118, 2010, 984.600257, 2011, 1091.380344, 2012, 1119.154245, 2013, 1130.817738, 2014, 1110.569585, 2015, 1110.569585, 2016, 1138.9103, 2017, 1138.9103, 2018, 1377.987424, 2019, 1377.99, 2020, 1377.99, 2021, 1377.99, 2022, 1008.09, 2023, 1007.302845, 2024, 1012.819716, FirstScenarioYear, 0)",Megawatt,,"Transformation_ Input LEAP_ID_MY_Nodes Rev1.csv (round 2 ID/MY subnational, 2026-05-07)","Round 2 — ID/MY subnational EC+HP from Rev1 LEAP-export, anchor with FirstScenarioYear=0",Transformation_ Input LEAP_ID_MY_Nodes Rev1.csv,power_existing_capacity,High
Indonesia,Transformation\Centralized Electricity Generation\Processes\Gas Turbine_IDJW,Existing Capacity,"Interp(2005, 1889.378178, 2006, 1891.572754, 2007, 1963.036708, 2008, 1870.858388, 2009, 1911.647036, 2010, 2329.646849, 2011, 2582.297497, 2012, 2648.012879, 2013, 2675.609681, 2014, 2627.700852, 2015, 2627.700852, 2016, 2694.757363, 2017, 2694.757363, 2018, 3260.433904, 2019, 3260.44, 2020, 3260.44, 2021, 3260.44, 2022, 2690.04, 2023, 2687.939514, 2024, 2702.661021, FirstScenarioYear, 0)",Megawatt,,"Transformation_ Input LEAP_ID_MY_Nodes Rev1.csv (round 2 ID/MY subnational, 2026-05-07)","Round 2 — ID/MY subnational EC+HP from Rev1 LEAP-export, anchor with FirstScenarioYear=0",Transformation_ Input LEAP_ID_MY_Nodes Rev1.csv,power_existing_capacity,High
Indonesia,Transformation\Centralized Electricity Generation\Processes\Gas Turbine_IDKA,Existing Capacity,"Interp(2005, 212.845078, 2006, 213.092304, 2007, 221.142969, 2008, 210.758758, 2009, 215.353743, 2010, 262.442887, 2011, 290.904869, 2012, 298.307937, 2013, 301.416814, 2014, 296.019716, 2015, 296.019716, 2016, 303.573867, 2017, 303.573867, 2018, 367.299313, 2019, 367.3, 2020, 367.3, 2021, 367.3, 2022, 415.9, 2023, 415.575249, 2024, 417.851303, FirstScenarioYear, 0)",Megawatt,,"Transformation_ Input LEAP_ID_MY_Nodes Rev1.csv (round 2 ID/MY subnational, 2026-05-07)","Round 2 — ID/MY subnational EC+HP from Rev1 LEAP-export, anchor with FirstScenarioYear=0",Transformation_ Input LEAP_ID_MY_Nodes Rev1.csv,power_existing_capacity,High
Indonesia,Transformation\Centralized Electricity Generation\Processes\Gas Turbine_IDEast,Existing Capacity,"Interp(2005, 198.60132, 2006, 198.832002, 2007, 206.343911, 2008, 196.654619, 2009, 200.942104, 2010, 244.880006, 2011, 271.43729, 2012, 278.344939, 2013, 281.245767, 2014, 276.209848, 2015, 276.209848, 2016, 283.258469, 2017, 283.258469, 2018, 342.719359, 2019, 342.72, 2020, 342.72, 2021, 342.72, 2022, 342.72, 2023, 342.452391, 2024, 344.32796, FirstScenarioYear, 0)",Megawatt,,"Transformation_ Input LEAP_ID_MY_Nodes Rev1.csv (round 2 ID/MY subnational, 2026-05-07)","Round 2 — ID/MY subnational EC+HP from Rev1 LEAP-export, anchor with FirstScenarioYear=0",Transformation_ Input LEAP_ID_MY_Nodes Rev1.csv,power_existing_capacity,High
Indonesia,Transformation\Centralized Electricity Generation\Processes\Gas Engine_IDSA,Existing Capacity,"Interp(2005, 1.625746, 2006, 11.380222, 2007, 17.883206, 2008, 36.221621, 2009, 38.475989, 2010, 50.31142, 2011, 91.876326, 2012, 107.700254, 2013, 242.843101, 2014, 330.969374, 2015, 443.687764, 2016, 1004.028224, 2017, 1304.373962, 2018, 1277.652117, 2019, 1540.155906, 2020, 1480.962352, 2021, 1545.670208, 2022, 1330.391298, 2023, 1202.060161, 2024, 1291.67875, FirstScenarioYear, 0)",Megawatt,,"Transformation_ Input LEAP_ID_MY_Nodes Rev1.csv (round 2 ID/MY subnational, 2026-05-07)","Round 2 — ID/MY subnational EC+HP from Rev1 LEAP-export, anchor with FirstScenarioYear=0",Transformation_ Input LEAP_ID_MY_Nodes Rev1.csv,power_existing_capacity,High
Indonesia,Transformation\Centralized Electricity Generation\Processes\Gas Engine_IDJW,Existing Capacity,"Interp(2005, 0.267772, 2006, 1.874405, 2007, 2.945494, 2008, 5.965964, 2009, 6.337274, 2010, 8.286656, 2011, 15.132697, 2012, 17.739013, 2013, 39.998019, 2014, 54.513055, 2015, 73.078591, 2016, 165.370727, 2017, 214.839847, 2018, 210.438565, 2019, 253.674843, 2020, 204.503775, 2021, 213.439181, 2022, 245.696183, 2023, 221.996036, 2024, 238.546764, FirstScenarioYear, 0)",Megawatt,,"Transformation_ Input LEAP_ID_MY_Nodes Rev1.csv (round 2 ID/MY subnational, 2026-05-07)","Round 2 — ID/MY subnational EC+HP from Rev1 LEAP-export, anchor with FirstScenarioYear=0",Transformation_ Input LEAP_ID_MY_Nodes Rev1.csv,power_existing_capacity,High
Indonesia,Transformation\Centralized Electricity Generation\Processes\Gas Engine_IDKA,Existing Capacity,"Interp(2005, 0.499307, 2006, 3.495152, 2007, 5.492382, 2008, 11.124571, 2009, 11.816944, 2010, 15.451903, 2011, 28.217531, 2012, 33.077457, 2013, 74.583225, 2014, 101.64902, 2015, 136.267673, 2016, 308.362324, 2017, 400.606055, 2018, 392.399104, 2019, 473.020621, 2020, 389.900529, 2021, 436.382613, 2022, 555.036926, 2023, 501.497399, 2024, 538.886118, FirstScenarioYear, 0)",Megawatt,,"Transformation_ Input LEAP_ID_MY_Nodes Rev1.csv (round 2 ID/MY subnational, 2026-05-07)","Round 2 — ID/MY subnational EC+HP from Rev1 LEAP-export, anchor with FirstScenarioYear=0",Transformation_ Input LEAP_ID_MY_Nodes Rev1.csv,power_existing_capacity,High
Indonesia,Transformation\Centralized Electricity Generation\Processes\Gas Engine_IDEast,Existing Capacity,"Interp(2005, 0.607174, 2006, 4.25022, 2007, 6.678918, 2008, 13.527844, 2009, 14.369793, 2010, 18.790022, 2011, 34.313446, 2012, 40.223276, 2013, 90.695654, 2014, 123.608551, 2015, 165.705972, 2016, 374.978725, 2017, 487.150136, 2018, 477.170214, 2019, 575.20863, 2020, 1102.543344, 2021, 1023.377998, 2022, 845.305593, 2023, 763.766404, 2024, 820.708368, FirstScenarioYear, 0)",Megawatt,,"Transformation_ Input LEAP_ID_MY_Nodes Rev1.csv (round 2 ID/MY subnational, 2026-05-07)","Round 2 — ID/MY subnational EC+HP from Rev1 LEAP-export, anchor with FirstScenarioYear=0",Transformation_ Input LEAP_ID_MY_Nodes Rev1.csv,power_existing_capacity,High
Indonesia,Transformation\Centralized Electricity Generation\Processes\Diesel_IDSA,Existing Capacity,"Interp(2005, 838.598811, 2006, 827.350679, 2007, 839.599981, 2008, 855.563806, 2009, 851.219304, 2010, 1194.578788, 2011, 1430.373928, 2012, 1561.506286, 2013, 1551.421393, 2014, 1622.520147, 2015, 1640.243209, 2016, 1640.243209, 2017, 1641.288817, 2018, 1210.52693, 2019, 1249.488911, 2020, 1310.55, 2021, 1331.61, 2022, 1059.92, 2023, 1129.616426, 2024, 1417.230473, FirstScenarioYear, 0)",Megawatt,,"Transformation_ Input LEAP_ID_MY_Nodes Rev1.csv (round 2 ID/MY subnational, 2026-05-07)","Round 2 — ID/MY subnational EC+HP from Rev1 LEAP-export, anchor with FirstScenarioYear=0",Transformation_ Input LEAP_ID_MY_Nodes Rev1.csv,power_existing_capacity,High
Indonesia,Transformation\Centralized Electricity Generation\Processes\Diesel_IDJW,Existing Capacity,"Interp(2005, 125.858404, 2006, 124.170264, 2007, 126.008661, 2008, 128.40454, 2009, 127.75251, 2010, 179.284513, 2011, 214.673068, 2012, 234.353645, 2013, 232.840087, 2014, 243.510715, 2015, 246.170623, 2016, 246.170623, 2017, 246.32755, 2018, 181.678038, 2019, 187.525522, 2020, 311.16, 2021, 311.16, 2022, 272.25, 2023, 290.152155, 2024, 364.028414, FirstScenarioYear, 0)",Megawatt,,"Transformation_ Input LEAP_ID_MY_Nodes Rev1.csv (round 2 ID/MY subnational, 2026-05-07)","Round 2 — ID/MY subnational EC+HP from Rev1 LEAP-export, anchor with FirstScenarioYear=0",Transformation_ Input LEAP_ID_MY_Nodes Rev1.csv,power_existing_capacity,High
Indonesia,Transformation\Centralized Electricity Generation\Processes\Diesel_IDKA,Existing Capacity,"Interp(2005, 819.693726, 2006, 808.699168, 2007, 820.672326, 2008, 836.276268, 2009, 832.029707, 2010, 1167.648613, 2011, 1398.128067, 2012, 1526.304222, 2013, 1516.446679, 2014, 1585.942607, 2015, 1603.266126, 2016, 1603.266126, 2017, 1604.288163, 2018, 1183.237225, 2019, 1221.32086, 2020, 1184.58, 2021, 1196.6, 2022, 930.09, 2023, 991.249284, 2024, 1243.633378, FirstScenarioYear, 0)",Megawatt,,"Transformation_ Input LEAP_ID_MY_Nodes Rev1.csv (round 2 ID/MY subnational, 2026-05-07)","Round 2 — ID/MY subnational EC+HP from Rev1 LEAP-export, anchor with FirstScenarioYear=0",Transformation_ Input LEAP_ID_MY_Nodes Rev1.csv,power_existing_capacity,High
Indonesia,Transformation\Centralized Electricity Generation\Processes\Diesel_IDEast,Existing Capacity,"Interp(2005, 1423.92906, 2006, 1404.829889, 2007, 1425.629032, 2008, 1452.735385, 2009, 1445.35848, 2010, 2028.378086, 2011, 2428.754937, 2012, 2651.415847, 2013, 2634.291841, 2014, 2755.016531, 2015, 2785.110042, 2016, 2785.110042, 2017, 2786.88547, 2018, 2055.457807, 2019, 2121.614707, 2020, 2057.3, 2021, 2147.27, 2022, 2089.87, 2023, 2227.292135, 2024, 2794.387735, FirstScenarioYear, 0)",Megawatt,,"Transformation_ Input LEAP_ID_MY_Nodes Rev1.csv (round 2 ID/MY subnational, 2026-05-07)","Round 2 — ID/MY subnational EC+HP from Rev1 LEAP-export, anchor with FirstScenarioYear=0",Transformation_ Input LEAP_ID_MY_Nodes Rev1.csv,power_existing_capacity,High
Indonesia,Transformation\Centralized Electricity Generation\Processes\Large Hydro_IDSA,Existing Capacity,"Interp(2005, 1097.853891, 2006, 1197.068026, 2007, 1189.159863, 2008, 1190.093264, 2009, 1191.428994, 2010, 1201.805843, 2011, 1269.561131, 2012, 1334.57415, 2013, 1662.616474, 2014, 1683.144869, 2015, 1693.219167, 2016, 1732.389841, 2017, 1754.196029, 2018, 1737.925877, 2019, 1789.102024, 2020, 1823.02, 2021, 1823.02, 2022, 1823.02, 2023, 1707.769807, 2024, 1840.825028, FirstScenarioYear, 0)",Megawatt,,"Transformation_ Input LEAP_ID_MY_Nodes Rev1.csv (round 2 ID/MY subnational, 2026-05-07)","Round 2 — ID/MY subnational EC+HP from Rev1 LEAP-export, anchor with FirstScenarioYear=0",Transformation_ Input LEAP_ID_MY_Nodes Rev1.csv,power_existing_capacity,High
Indonesia,Transformation\Centralized Electricity Generation\Processes\Large Hydro_IDJW,Existing Capacity,"Interp(2005, 1651.097244, 2006, 1800.308524, 2007, 1788.415187, 2008, 1789.818959, 2009, 1791.827805, 2010, 1807.433877, 2011, 1909.333201, 2012, 2007.10834, 2013, 2500.461583, 2014, 2531.334886, 2015, 2546.485942, 2016, 2605.395959, 2017, 2638.190977, 2018, 2613.721779, 2019, 2690.687209, 2020, 2647.53, 2021, 2647.53, 2022, 2647.53, 2023, 2480.154797, 2024, 2673.387833, FirstScenarioYear, 0)",Megawatt,,"Transformation_ Input LEAP_ID_MY_Nodes Rev1.csv (round 2 ID/MY subnational, 2026-05-07)","Round 2 — ID/MY subnational EC+HP from Rev1 LEAP-export, anchor with FirstScenarioYear=0",Transformation_ Input LEAP_ID_MY_Nodes Rev1.csv,power_existing_capacity,High
Indonesia,Transformation\Centralized Electricity Generation\Processes\Large Hydro_IDKA,Existing Capacity,"Interp(2005, 166.583465, 2006, 181.637776, 2007, 180.437826, 2008, 180.579457, 2009, 180.782134, 2010, 182.356671, 2011, 192.637557, 2012, 202.502343, 2013, 252.278026, 2014, 255.392913, 2015, 256.921542, 2016, 262.865126, 2017, 266.1739, 2018, 263.70514, 2019, 271.470381, 2020, 262.24, 2021, 262.24, 2022, 262.24, 2023, 245.66135, 2024, 264.801239, FirstScenarioYear, 0)",Megawatt,,"Transformation_ Input LEAP_ID_MY_Nodes Rev1.csv (round 2 ID/MY subnational, 2026-05-07)","Round 2 — ID/MY subnational EC+HP from Rev1 LEAP-export, anchor with FirstScenarioYear=0",Transformation_ Input LEAP_ID_MY_Nodes Rev1.csv,power_existing_capacity,High
Indonesia,Transformation\Centralized Electricity Generation\Processes\Large Hydro_IDEast,Existing Capacity,"Interp(2005, 495.405401, 2006, 540.175674, 2007, 536.607124, 2008, 537.02832, 2009, 537.631067, 2010, 542.313609, 2011, 572.888111, 2012, 602.225166, 2013, 750.253916, 2014, 759.517332, 2015, 764.063349, 2016, 781.739074, 2017, 791.579093, 2018, 784.237204, 2019, 807.330386, 2020, 905.88, 2021, 1255.88, 2022, 1255.88, 2023, 1176.484046, 2024, 1268.145899, FirstScenarioYear, 0)",Megawatt,,"Transformation_ Input LEAP_ID_MY_Nodes Rev1.csv (round 2 ID/MY subnational, 2026-05-07)","Round 2 — ID/MY subnational EC+HP from Rev1 LEAP-export, anchor with FirstScenarioYear=0",Transformation_ Input LEAP_ID_MY_Nodes Rev1.csv,power_existing_capacity,High
Indonesia,Transformation\Centralized Electricity Generation\Processes\Small Hydro_IDSA,Existing Capacity,"Interp(2005, 0, 2006, 0, 2007, 0, 2008, 0, 2009, 0, 2010, 0, 2011, 0, 2012, 0, 2013, 0, 2014, 0, 2015, 0, 2016, 0, 2017, 0, 2018, 114.566925, 2019, 128.377319, 2020, 179.57, 2021, 252.66, 2022, 292.27, 2023, 400.516293, 2024, 419.607777, FirstScenarioYear, 0)",Megawatt,,"Transformation_ Input LEAP_ID_MY_Nodes Rev1.csv (round 2 ID/MY subnational, 2026-05-07)","Round 2 — ID/MY subnational EC+HP from Rev1 LEAP-export, anchor with FirstScenarioYear=0",Transformation_ Input LEAP_ID_MY_Nodes Rev1.csv,power_existing_capacity,High
Indonesia,Transformation\Centralized Electricity Generation\Processes\Small Hydro_IDJW,Existing Capacity,"Interp(2005, 0, 2006, 0, 2007, 0, 2008, 0, 2009, 0, 2010, 0, 2011, 0, 2012, 0, 2013, 0, 2014, 0, 2015, 0, 2016, 0, 2017, 0, 2018, 121.656735, 2019, 136.321766, 2020, 152.88, 2021, 196.42, 2022, 205.09, 2023, 281.047957, 2024, 294.444722, FirstScenarioYear, 0)",Megawatt,,"Transformation_ Input LEAP_ID_MY_Nodes Rev1.csv (round 2 ID/MY subnational, 2026-05-07)","Round 2 — ID/MY subnational EC+HP from Rev1 LEAP-export, anchor with FirstScenarioYear=0",Transformation_ Input LEAP_ID_MY_Nodes Rev1.csv,power_existing_capacity,High
Indonesia,Transformation\Centralized Electricity Generation\Processes\Small Hydro_IDKA,Existing Capacity,"Interp(2005, 0, 2006, 0, 2007, 0, 2008, 0, 2009, 0, 2010, 0, 2011, 0, 2012, 0, 2013, 0, 2014, 0, 2015, 0, 2016, 0, 2017, 0, 2018, 3.099917, 2019, 3.473594, 2020, 3.1, 2021, 7.35, 2022, 7.63, 2023, 10.455877, 2024, 10.95428, FirstScenarioYear, 0)",Megawatt,,"Transformation_ Input LEAP_ID_MY_Nodes Rev1.csv (round 2 ID/MY subnational, 2026-05-07)","Round 2 — ID/MY subnational EC+HP from Rev1 LEAP-export, anchor with FirstScenarioYear=0",Transformation_ Input LEAP_ID_MY_Nodes Rev1.csv,power_existing_capacity,High
Indonesia,Transformation\Centralized Electricity Generation\Processes\Small Hydro_IDEast,Existing Capacity,"Interp(2005, 0, 2006, 0, 2007, 0, 2008, 0, 2009, 0, 2010, 0, 2011, 0, 2012, 0, 2013, 0, 2014, 0, 2015, 0, 2016, 0, 2017, 0, 2018, 133.236424, 2019, 149.297321, 2020, 146.68, 2021, 156.54, 2022, 195.24, 2023, 267.549872, 2024, 280.303221, FirstScenarioYear, 0)",Megawatt,,"Transformation_ Input LEAP_ID_MY_Nodes Rev1.csv (round 2 ID/MY subnational, 2026-05-07)","Round 2 — ID/MY subnational EC+HP from Rev1 LEAP-export, anchor with FirstScenarioYear=0",Transformation_ Input LEAP_ID_MY_Nodes Rev1.csv,power_existing_capacity,High
Indonesia,Transformation\Centralized Electricity Generation\Processes\Geothermal Flash_IDSA,Existing Capacity,"Interp(2005, 245.188113, 2006, 245.188113, 2007, 282.687471, 2008, 303.456347, 2009, 342.974901, 2010, 342.974901, 2011, 353.647795, 2012, 385.378022, 2013, 387.541446, 2014, 404.848843, 2015, 414.944824, 2016, 474.078427, 2017, 521.616076, 2018, 562, 2019, 614.499102, 2020, 744.4, 2021, 899.75, 2022, 967.45, 2023, 1064.665131, 2024, 1081.572645, FirstScenarioYear, 0)",Megawatt,,"Transformation_ Input LEAP_ID_MY_Nodes Rev1.csv (round 2 ID/MY subnational, 2026-05-07)","Round 2 — ID/MY subnational EC+HP from Rev1 LEAP-export, anchor with FirstScenarioYear=0",Transformation_ Input LEAP_ID_MY_Nodes Rev1.csv,power_existing_capacity,High
Indonesia,Transformation\Centralized Electricity Generation\Processes\Geothermal Flash_IDJW,Existing Capacity,"Interp(2005, 547.005081, 2006, 547.005081, 2007, 630.664682, 2008, 676.99923, 2009, 765.163578, 2010, 765.163578, 2011, 788.974388, 2012, 859.763281, 2013, 864.589796, 2014, 903.20192, 2015, 925.725658, 2016, 1057.650413, 2017, 1163.705045, 2018, 1253.8, 2019, 1370.923441, 2020, 1253.8, 2021, 1253.8, 2022, 1253.8, 2023, 1379.789283, 2024, 1401.701155, FirstScenarioYear, 0)",Megawatt,,"Transformation_ Input LEAP_ID_MY_Nodes Rev1.csv (round 2 ID/MY subnational, 2026-05-07)","Round 2 — ID/MY subnational EC+HP from Rev1 LEAP-export, anchor with FirstScenarioYear=0",Transformation_ Input LEAP_ID_MY_Nodes Rev1.csv,power_existing_capacity,High
Indonesia,Transformation\Centralized Electricity Generation\Processes\Geothermal Flash_IDKA,Existing Capacity,"Interp(2005, 0, 2006, 0, 2007, 0, 2008, 0, 2009, 0, 2010, 0, 2011, 0, 2012, 0, 2013, 0, 2014, 0, 2015, 0, 2016, 0, 2017, 0, 2018, 0, 2019, 0, 2020, 0, 2021, 0, 2022, 0, 2023, 0, 2024, 0, FirstScenarioYear, 0)",Megawatt,,"Transformation_ Input LEAP_ID_MY_Nodes Rev1.csv (round 2 ID/MY subnational, 2026-05-07)","Round 2 — ID/MY subnational EC+HP from Rev1 LEAP-export, anchor with FirstScenarioYear=0",Transformation_ Input LEAP_ID_MY_Nodes Rev1.csv,power_existing_capacity,High
Indonesia,Transformation\Centralized Electricity Generation\Processes\Geothermal Flash_IDEast,Existing Capacity,"Interp(2005, 57.806806, 2006, 57.806806, 2007, 66.647847, 2008, 71.544423, 2009, 80.86152, 2010, 80.86152, 2011, 83.377817, 2012, 90.858697, 2013, 91.368757, 2014, 95.449238, 2015, 97.829518, 2016, 111.771159, 2017, 122.978879, 2018, 132.5, 2019, 144.877457, 2020, 132.5, 2021, 132.5, 2022, 139.08, 2023, 153.055586, 2024, 155.486199, FirstScenarioYear, 0)",Megawatt,,"Transformation_ Input LEAP_ID_MY_Nodes Rev1.csv (round 2 ID/MY subnational, 2026-05-07)","Round 2 — ID/MY subnational EC+HP from Rev1 LEAP-export, anchor with FirstScenarioYear=0",Transformation_ Input LEAP_ID_MY_Nodes Rev1.csv,power_existing_capacity,High
Indonesia,Transformation\Centralized Electricity Generation\Processes\Biomass Other_IDSA,Existing Capacity,"Interp(2005, 0, 2006, 0, 2007, 0, 2008, 0, 2009, 0, 2010, 0, 2011, 0, 2012, 0, 2013, 0, 2014, 0, 2015, 0, 2016, 0, 2017, 0.781924, 2018, 1530.938599, 2019, 1535.3, 2020, 1535.3, 2021, 1536.3, 2022, 2319.53, 2023, 2538.355081, 2024, 2304.709051, FirstScenarioYear, 0)",Megawatt,,"Transformation_ Input LEAP_ID_MY_Nodes Rev1.csv (round 2 ID/MY subnational, 2026-05-07)","Round 2 — ID/MY subnational EC+HP from Rev1 LEAP-export, anchor with FirstScenarioYear=0",Transformation_ Input LEAP_ID_MY_Nodes Rev1.csv,power_existing_capacity,High
Indonesia,Transformation\Centralized Electricity Generation\Processes\Biomass Other_IDJW,Existing Capacity,"Interp(2005, 0, 2006, 0, 2007, 0, 2008, 0, 2009, 0, 2010, 0, 2011, 0, 2012, 0, 2013, 0, 2014, 0, 2015, 0, 2016, 0, 2017, 0.085124, 2018, 166.665197, 2019, 167.14, 2020, 167.14, 2021, 170.64, 2022, 170.64, 2023, 186.738223, 2024, 169.549673, FirstScenarioYear, 0)",Megawatt,,"Transformation_ Input LEAP_ID_MY_Nodes Rev1.csv (round 2 ID/MY subnational, 2026-05-07)","Round 2 — ID/MY subnational EC+HP from Rev1 LEAP-export, anchor with FirstScenarioYear=0",Transformation_ Input LEAP_ID_MY_Nodes Rev1.csv,power_existing_capacity,High
Indonesia,Transformation\Centralized Electricity Generation\Processes\Biomass Other_IDKA,Existing Capacity,"Interp(2005, 0, 2006, 0, 2007, 0, 2008, 0, 2009, 0, 2010, 0, 2011, 0, 2012, 0, 2013, 0, 2014, 0, 2015, 0, 2016, 0, 2017, 0.023937, 2018, 46.866485, 2019, 47, 2020, 47, 2021, 396.62, 2022, 413.68, 2023, 452.706682, 2024, 411.036736, FirstScenarioYear, 0)",Megawatt,,"Transformation_ Input LEAP_ID_MY_Nodes Rev1.csv (round 2 ID/MY subnational, 2026-05-07)","Round 2 — ID/MY subnational EC+HP from Rev1 LEAP-export, anchor with FirstScenarioYear=0",Transformation_ Input LEAP_ID_MY_Nodes Rev1.csv,power_existing_capacity,High
Indonesia,Transformation\Centralized Electricity Generation\Processes\Biomass Other_IDEast,Existing Capacity,"Interp(2005, 0, 2006, 0, 2007, 0, 2008, 0, 2009, 0, 2010, 0, 2011, 0, 2012, 0, 2013, 0, 2014, 0, 2015, 0, 2016, 0, 2017, 0.009015, 2018, 17.649719, 2019, 17.7, 2020, 21.2, 2021, 21.2, 2022, 21.2, 2023, 23.200014, 2024, 21.06454, FirstScenarioYear, 0)",Megawatt,,"Transformation_ Input LEAP_ID_MY_Nodes Rev1.csv (round 2 ID/MY subnational, 2026-05-07)","Round 2 — ID/MY subnational EC+HP from Rev1 LEAP-export, anchor with FirstScenarioYear=0",Transformation_ Input LEAP_ID_MY_Nodes Rev1.csv,power_existing_capacity,High
Indonesia,Transformation\Centralized Electricity Generation\Processes\Biogas_IDSA,Existing Capacity,"Interp(2005, 0, 2006, 0, 2007, 0, 2008, 0, 2009, 0, 2010, 0, 2011, 0, 2012, 0, 2013, 0, 2014, 0, 2015, 0, 2016, 0, 2017, 9.651714, 2018, 81.896299, 2019, 84.92, 2020, 89.72, 2021, 91.77, 2022, 106.81, 2023, 111.471008, 2024, 112.414648, FirstScenarioYear, 0)",Megawatt,,"Transformation_ Input LEAP_ID_MY_Nodes Rev1.csv (round 2 ID/MY subnational, 2026-05-07)","Round 2 — ID/MY subnational EC+HP from Rev1 LEAP-export, anchor with FirstScenarioYear=0",Transformation_ Input LEAP_ID_MY_Nodes Rev1.csv,power_existing_capacity,High
Indonesia,Transformation\Centralized Electricity Generation\Processes\Biogas_IDJW,Existing Capacity,"Interp(2005, 0, 2006, 0, 2007, 0, 2008, 0, 2009, 0, 2010, 0, 2011, 0, 2012, 0, 2013, 0, 2014, 0, 2015, 0, 2016, 0, 2017, 0.227313, 2018, 1.928787, 2019, 2, 2020, 2, 2021, 2.05, 2022, 2.05, 2023, 2.139459, 2024, 2.15757, FirstScenarioYear, 0)",Megawatt,,"Transformation_ Input LEAP_ID_MY_Nodes Rev1.csv (round 2 ID/MY subnational, 2026-05-07)","Round 2 — ID/MY subnational EC+HP from Rev1 LEAP-export, anchor with FirstScenarioYear=0",Transformation_ Input LEAP_ID_MY_Nodes Rev1.csv,power_existing_capacity,High
Indonesia,Transformation\Centralized Electricity Generation\Processes\Biogas_IDKA,Existing Capacity,"Interp(2005, 0, 2006, 0, 2007, 0, 2008, 0, 2009, 0, 2010, 0, 2011, 0, 2012, 0, 2013, 0, 2014, 0, 2015, 0, 2016, 0, 2017, 2.920973, 2018, 24.784914, 2019, 25.7, 2020, 26.1, 2021, 40.97, 2022, 40.55, 2023, 42.319533, 2024, 42.677783, FirstScenarioYear, 0)",Megawatt,,"Transformation_ Input LEAP_ID_MY_Nodes Rev1.csv (round 2 ID/MY subnational, 2026-05-07)","Round 2 — ID/MY subnational EC+HP from Rev1 LEAP-export, anchor with FirstScenarioYear=0",Transformation_ Input LEAP_ID_MY_Nodes Rev1.csv,power_existing_capacity,High
Indonesia,Transformation\Centralized Electricity Generation\Processes\Solar PV_IDSA,Existing Capacity,"Interp(2005, 0, 2006, 0, 2007, 0, 2008, 0, 2009, 0, 2010, 0.032881, 2011, 0.207672, 2012, 0.709548, 2013, 1.557543, 2014, 1.557543, 2015, 6.385928, 2016, 8.08192, 2017, 9.431791, 2018, 9.104707, 2019, 25.237395, 2020, 11.121201, 2021, 14.099299, 2022, 12.730356, 2023, 27.541837, 2024, 42.012465, FirstScenarioYear, 0)",Megawatt,,"Transformation_ Input LEAP_ID_MY_Nodes Rev1.csv (round 2 ID/MY subnational, 2026-05-07)","Round 2 — ID/MY subnational EC+HP from Rev1 LEAP-export, anchor with FirstScenarioYear=0",Transformation_ Input LEAP_ID_MY_Nodes Rev1.csv,power_existing_capacity,High
Indonesia,Transformation\Centralized Electricity Generation\Processes\Solar PV_IDJW,Existing Capacity,"Interp(2005, 0, 2006, 0, 2007, 0, 2008, 0, 2009, 0, 2010, 0.015656, 2011, 0.098882, 2012, 0.337846, 2013, 0.741614, 2014, 0.741614, 2015, 3.040616, 2016, 3.848151, 2017, 4.490883, 2018, 4.335144, 2019, 12.016613, 2020, 27.609855, 2021, 74.135353, 2022, 116.342374, 2023, 251.7041, 2024, 383.950772, FirstScenarioYear, 0)",Megawatt,,"Transformation_ Input LEAP_ID_MY_Nodes Rev1.csv (round 2 ID/MY subnational, 2026-05-07)","Round 2 — ID/MY subnational EC+HP from Rev1 LEAP-export, anchor with FirstScenarioYear=0",Transformation_ Input LEAP_ID_MY_Nodes Rev1.csv,power_existing_capacity,High
Indonesia,Transformation\Centralized Electricity Generation\Processes\Solar PV_IDKA,Existing Capacity,"Interp(2005, 0, 2006, 0, 2007, 0, 2008, 0, 2009, 0, 2010, 0.01667, 2011, 0.105281, 2012, 0.359711, 2013, 0.789609, 2014, 0.789609, 2015, 3.237399, 2016, 4.097196, 2017, 4.781524, 2018, 4.615706, 2019, 12.794306, 2020, 9.799669, 2021, 10.389491, 2022, 13.384181, 2023, 28.956373, 2024, 44.170204, FirstScenarioYear, 0)",Megawatt,,"Transformation_ Input LEAP_ID_MY_Nodes Rev1.csv (round 2 ID/MY subnational, 2026-05-07)","Round 2 — ID/MY subnational EC+HP from Rev1 LEAP-export, anchor with FirstScenarioYear=0",Transformation_ Input LEAP_ID_MY_Nodes Rev1.csv,power_existing_capacity,High
Indonesia,Transformation\Centralized Electricity Generation\Processes\Solar PV_IDEast,Existing Capacity,"Interp(2005, 0, 2006, 0, 2007, 0, 2008, 0, 2009, 0, 2010, 0.124793, 2011, 0.788164, 2012, 2.692895, 2013, 5.911233, 2014, 5.911233, 2015, 24.236057, 2016, 30.672734, 2017, 35.795803, 2018, 34.554443, 2019, 95.781686, 2020, 98.769275, 2021, 102.475857, 2022, 129.81309, 2023, 280.84769, 2024, 428.406559, FirstScenarioYear, 0)",Megawatt,,"Transformation_ Input LEAP_ID_MY_Nodes Rev1.csv (round 2 ID/MY subnational, 2026-05-07)","Round 2 — ID/MY subnational EC+HP from Rev1 LEAP-export, anchor with FirstScenarioYear=0",Transformation_ Input LEAP_ID_MY_Nodes Rev1.csv,power_existing_capacity,High
Indonesia,Transformation\Centralized Electricity Generation\Processes\Wind Onshore_IDSA,Existing Capacity,"Interp(2005, 0, 2006, 0, 2007, 0, 2008, 0, 2009, 0, 2010, 0, 2011, 0, 2012, 0, 2013, 0, 2014, 0, 2015, 0, 2016, 0, 2017, 0, 2018, 0, 2019, 0, 2020, 0, 2021, 0, 2022, 0, 2023, 0, 2024, 0, FirstScenarioYear, 0)",Megawatt,,"Transformation_ Input LEAP_ID_MY_Nodes Rev1.csv (round 2 ID/MY subnational, 2026-05-07)","Round 2 — ID/MY subnational EC+HP from Rev1 LEAP-export, anchor with FirstScenarioYear=0",Transformation_ Input LEAP_ID_MY_Nodes Rev1.csv,power_existing_capacity,High
Indonesia,Transformation\Centralized Electricity Generation\Processes\Wind Onshore_IDJW,Existing Capacity,"Interp(2005, 0, 2006, 0, 2007, 0.000962, 2008, 0.0025, 2009, 0.010193, 2010, 0.003269, 2011, 0.008943, 2012, 0.008943, 2013, 0.006058, 2014, 0.01077, 2015, 0.01077, 2016, 0.01077, 2017, 0.01077, 2018, 1.38, 2019, 1.483853, 2020, 1.375528, 2021, 1.38, 2022, 1.38, 2023, 1.362024, 2024, 1.362024, FirstScenarioYear, 0)",Megawatt,,"Transformation_ Input LEAP_ID_MY_Nodes Rev1.csv (round 2 ID/MY subnational, 2026-05-07)","Round 2 — ID/MY subnational EC+HP from Rev1 LEAP-export, anchor with FirstScenarioYear=0",Transformation_ Input LEAP_ID_MY_Nodes Rev1.csv,power_existing_capacity,High
Indonesia,Transformation\Centralized Electricity Generation\Processes\Wind Onshore_IDKA,Existing Capacity,"Interp(2005, 0, 2006, 0, 2007, 0, 2008, 0, 2009, 0, 2010, 0, 2011, 0, 2012, 0, 2013, 0, 2014, 0, 2015, 0, 2016, 0, 2017, 0, 2018, 0, 2019, 0, 2020, 0, 2021, 0, 2022, 0, 2023, 0, 2024, 0, FirstScenarioYear, 0)",Megawatt,,"Transformation_ Input LEAP_ID_MY_Nodes Rev1.csv (round 2 ID/MY subnational, 2026-05-07)","Round 2 — ID/MY subnational EC+HP from Rev1 LEAP-export, anchor with FirstScenarioYear=0",Transformation_ Input LEAP_ID_MY_Nodes Rev1.csv,power_existing_capacity,High
Indonesia,Transformation\Centralized Electricity Generation\Processes\Wind Onshore_IDEast,Existing Capacity,"Interp(2005, 0, 2006, 0, 2007, 0.099038, 2008, 0.2575, 2009, 1.049807, 2010, 0.336731, 2011, 0.921057, 2012, 0.921057, 2013, 0.623942, 2014, 1.10923, 2015, 1.10923, 2016, 1.10923, 2017, 1.10923, 2018, 142.13, 2019, 152.826147, 2020, 152.434472, 2021, 152.93, 2022, 152.93, 2023, 150.937975, 2024, 150.937975, FirstScenarioYear, 0)",Megawatt,,"Transformation_ Input LEAP_ID_MY_Nodes Rev1.csv (round 2 ID/MY subnational, 2026-05-07)","Round 2 — ID/MY subnational EC+HP from Rev1 LEAP-export, anchor with FirstScenarioYear=0",Transformation_ Input LEAP_ID_MY_Nodes Rev1.csv,power_existing_capacity,High
Malaysia,Transformation\Centralized Electricity Generation\Processes\Coal Subcritical_MYPE,Existing Capacity,"Interp(2005, 3499.557296, 2006, 4136.656188, 2007, 5392.907525, 2008, 5514.046047, 2009, 6061.412701, 2010, 6864.516234, 2011, 6891.435906, 2012, 6891.435906, 2013, 6891.435906, 2014, 6891.435906, 2015, 6762.221482, 2016, 7659.543866, 2017, 7659.543866, 2018, 7742.339802, 2019, 9330.026135, 2020, 9648.1, 2021, 9459.6, 2022, 9604.3, 2023, 9702.8, 2024, 9702.8, FirstScenarioYear, 0)",Megawatt,,"Transformation_ Input LEAP_ID_MY_Nodes Rev1.csv (round 2 ID/MY subnational, 2026-05-07)","Round 2 — ID/MY subnational EC+HP from Rev1 LEAP-export, anchor with FirstScenarioYear=0",Transformation_ Input LEAP_ID_MY_Nodes Rev1.csv,power_existing_capacity,High
Malaysia,Transformation\Centralized Electricity Generation\Processes\Diesel_MYPE,Existing Capacity,"Interp(2005, 91.327884, 2006, 69.556567, 2007, 67.323611, 2008, 66.318781, 2009, 73.575887, 2010, 78.376742, 2011, 259.357793, 2012, 197.393275, 2013, 208.892997, 2014, 146.850325, 2015, 163.731469, 2016, 233.377355, 2017, 157.018088, 2018, 90.713821, 2019, 90.769645, 2020, 60.1, 2021, -41.6, 2022, 35.23, 2023, 213.1, 2024, 244.7, FirstScenarioYear, 0)",Megawatt,,"Transformation_ Input LEAP_ID_MY_Nodes Rev1.csv (round 2 ID/MY subnational, 2026-05-07)","Round 2 — ID/MY subnational EC+HP from Rev1 LEAP-export, anchor with FirstScenarioYear=0",Transformation_ Input LEAP_ID_MY_Nodes Rev1.csv,power_existing_capacity,High
Malaysia,Transformation\Centralized Electricity Generation\Processes\Gas Combined Cycle_MYPE,Existing Capacity,"Interp(2005, 10092.46461, 2006, 10529.28156, 2007, 10547.55147, 2008, 10647.20553, 2009, 11278.34789, 2010, 11503.39997, 2011, 12420.21729, 2012, 12910.18307, 2013, 12806.37676, 2014, 12662.70883, 2015, 11215.73193, 2016, 11688.1752, 2017, 12188.505, 2018, 12334.59785, 2019, 10266.2779, 2020, 10653.6, 2021, 10763.4, 2022, 10896.38, 2023, 11552.4, 2024, 12130, FirstScenarioYear, 0)",Megawatt,,"Transformation_ Input LEAP_ID_MY_Nodes Rev1.csv (round 2 ID/MY subnational, 2026-05-07)","Round 2 — ID/MY subnational EC+HP from Rev1 LEAP-export, anchor with FirstScenarioYear=0",Transformation_ Input LEAP_ID_MY_Nodes Rev1.csv,power_existing_capacity,High
Malaysia,Transformation\Centralized Electricity Generation\Processes\Large Hydro_MYPE,Existing Capacity,"Interp(2005, 893.221673, 2006, 906.024659, 2007, 898.769634, 2008, 898.769634, 2009, 899.623166, 2010, 899.1964, 2011, 1286.700116, 2012, 1415.583511, 2013, 1677.617963, 2014, 2037.125816, 2015, 2439.43832, 2016, 2615.265998, 2017, 2711.97122, 2018, 2632.251293, 2019, 2635.046611, 2020, 2641, 2021, 2510.3, 2022, 2649.3, 2023, 2536.2, 2024, 2556.2, FirstScenarioYear, 0)",Megawatt,,"Transformation_ Input LEAP_ID_MY_Nodes Rev1.csv (round 2 ID/MY subnational, 2026-05-07)","Round 2 — ID/MY subnational EC+HP from Rev1 LEAP-export, anchor with FirstScenarioYear=0",Transformation_ Input LEAP_ID_MY_Nodes Rev1.csv,power_existing_capacity,High
Malaysia,Transformation\Centralized Electricity Generation\Processes\Solar PV_MYPE,Existing Capacity,"Interp(2005, 0, 2006, 0, 2007, 0, 2008, 0, 2009, 0, 2010, 0, 2011, 0, 2012, 30.000874, 2013, 68.459782, 2014, 147.215506, 2015, 206.924652, 2016, 264.805034, 2017, 361.098605, 2018, 728.85391, 2019, 919.868315, 2020, 1220.7, 2021, 1717.9, 2022, 2337.3, 2023, 1844.2, 2024, 2224.2, FirstScenarioYear, 0)",Megawatt,,"Transformation_ Input LEAP_ID_MY_Nodes Rev1.csv (round 2 ID/MY subnational, 2026-05-07)","Round 2 — ID/MY subnational EC+HP from Rev1 LEAP-export, anchor with FirstScenarioYear=0",Transformation_ Input LEAP_ID_MY_Nodes Rev1.csv,power_existing_capacity,High
Malaysia,Transformation\Centralized Electricity Generation\Processes\Biomass Other_MYPE,Existing Capacity,"Interp(2005, 299.666377, 2006, 282.377932, 2007, 349.610773, 2008, 362.417029, 2009, 851.615986, 2010, 32.015639, 2011, 481.515204, 2012, 502.005213, 2013, 489.83927, 2014, 466.659948, 2015, 552.269765, 2016, 475.368202, 2017, 502.10126, 2018, 367.507515, 2019, 308.938106, 2020, 442.2, 2021, 338.6, 2022, 109.13, 2023, 635.7, 2024, 644.8, FirstScenarioYear, 0)",Megawatt,,"Transformation_ Input LEAP_ID_MY_Nodes Rev1.csv (round 2 ID/MY subnational, 2026-05-07)","Round 2 — ID/MY subnational EC+HP from Rev1 LEAP-export, anchor with FirstScenarioYear=0",Transformation_ Input LEAP_ID_MY_Nodes Rev1.csv,power_existing_capacity,High
Malaysia,Transformation\Centralized Electricity Generation\Processes\Diesel_MYSB,Existing Capacity,"Interp(2005, 548.575144, 2006, 417.802341, 2007, 404.389746, 2008, 398.354078, 2009, 441.945012, 2010, 470.782092, 2011, 1557.872933, 2012, 1185.673416, 2013, 1254.748282, 2014, 882.079324, 2015, 983.478544, 2016, 1401.817388, 2017, 943.153576, 2018, 544.88668, 2019, 545.221995, 2020, 361, 2021, 278.6, 2022, 439.6, 2023, 340, 2024, 340, FirstScenarioYear, 0)",Megawatt,,"Transformation_ Input LEAP_ID_MY_Nodes Rev1.csv (round 2 ID/MY subnational, 2026-05-07)","Round 2 — ID/MY subnational EC+HP from Rev1 LEAP-export, anchor with FirstScenarioYear=0",Transformation_ Input LEAP_ID_MY_Nodes Rev1.csv,power_existing_capacity,High
Malaysia,Transformation\Centralized Electricity Generation\Processes\Gas Combined Cycle_MYSB,Existing Capacity,"Interp(2005, 1131.205602, 2006, 1180.16587, 2007, 1182.213638, 2008, 1193.383281, 2009, 1264.124354, 2010, 1289.349131, 2011, 1392.109847, 2012, 1447.027259, 2013, 1435.392214, 2014, 1419.289312, 2015, 1257.106095, 2016, 1310.059511, 2017, 1366.138566, 2018, 1382.513262, 2019, 1150.687321, 2020, 1194.1, 2021, 1194, 2022, 1182.5, 2023, 1182.5, 2024, 1182.5, FirstScenarioYear, 0)",Megawatt,,"Transformation_ Input LEAP_ID_MY_Nodes Rev1.csv (round 2 ID/MY subnational, 2026-05-07)","Round 2 — ID/MY subnational EC+HP from Rev1 LEAP-export, anchor with FirstScenarioYear=0",Transformation_ Input LEAP_ID_MY_Nodes Rev1.csv,power_existing_capacity,High
Malaysia,Transformation\Centralized Electricity Generation\Processes\Large Hydro_MYSB,Existing Capacity,"Interp(2005, 29.627497, 2006, 30.052162, 2007, 29.811518, 2008, 29.811518, 2009, 29.839829, 2010, 29.825674, 2011, 42.678883, 2012, 46.953849, 2013, 55.645336, 2014, 67.569944, 2015, 80.914349, 2016, 86.746422, 2017, 89.954062, 2018, 87.309812, 2019, 87.402531, 2020, 87.6, 2021, 99.6, 2022, 101.8, 2023, 101.8, 2024, 101.8, FirstScenarioYear, 0)",Megawatt,,"Transformation_ Input LEAP_ID_MY_Nodes Rev1.csv (round 2 ID/MY subnational, 2026-05-07)","Round 2 — ID/MY subnational EC+HP from Rev1 LEAP-export, anchor with FirstScenarioYear=0",Transformation_ Input LEAP_ID_MY_Nodes Rev1.csv,power_existing_capacity,High
Malaysia,Transformation\Centralized Electricity Generation\Processes\Solar PV_MYSB,Existing Capacity,"Interp(2005, 0, 2006, 0, 2007, 0, 2008, 0, 2009, 0, 2010, 0, 2011, 0, 2012, 2.809126, 2013, 6.410218, 2014, 13.784494, 2015, 19.375348, 2016, 24.794966, 2017, 33.811396, 2018, 68.24609, 2019, 86.131685, 2020, 114.3, 2021, 114.3, 2022, 85.8, 2023, 85.8, 2024, 85.8, FirstScenarioYear, 0)",Megawatt,,"Transformation_ Input LEAP_ID_MY_Nodes Rev1.csv (round 2 ID/MY subnational, 2026-05-07)","Round 2 — ID/MY subnational EC+HP from Rev1 LEAP-export, anchor with FirstScenarioYear=0",Transformation_ Input LEAP_ID_MY_Nodes Rev1.csv,power_existing_capacity,High
Malaysia,Transformation\Centralized Electricity Generation\Processes\Biomass Other_MYSB,Existing Capacity,"Interp(2005, 129.164205, 2006, 121.712424, 2007, 150.691573, 2008, 156.21141, 2009, 367.069215, 2010, 13.799595, 2011, 207.545902, 2012, 216.377643, 2013, 211.133797, 2014, 201.14289, 2015, 238.043006, 2016, 204.89638, 2017, 216.419041, 2018, 158.405546, 2019, 133.160568, 2020, 190.6, 2021, 178.9, 2022, 183.3, 2023, 183.3, 2024, 183.3, FirstScenarioYear, 0)",Megawatt,,"Transformation_ Input LEAP_ID_MY_Nodes Rev1.csv (round 2 ID/MY subnational, 2026-05-07)","Round 2 — ID/MY subnational EC+HP from Rev1 LEAP-export, anchor with FirstScenarioYear=0",Transformation_ Input LEAP_ID_MY_Nodes Rev1.csv,power_existing_capacity,High
Malaysia,Transformation\Centralized Electricity Generation\Processes\Coal Subcritical_MYSR,Existing Capacity,"Interp(2005, 400.442704, 2006, 473.343812, 2007, 617.092475, 2008, 630.953953, 2009, 693.587299, 2010, 785.483766, 2011, 788.564095, 2012, 788.564095, 2013, 788.564095, 2014, 788.564095, 2015, 773.778518, 2016, 876.456134, 2017, 876.456134, 2018, 885.930198, 2019, 1067.603865, 2020, 1104, 2021, 1104, 2022, 1054, 2023, 1054, 2024, 1054, FirstScenarioYear, 0)",Megawatt,,"Transformation_ Input LEAP_ID_MY_Nodes Rev1.csv (round 2 ID/MY subnational, 2026-05-07)","Round 2 — ID/MY subnational EC+HP from Rev1 LEAP-export, anchor with FirstScenarioYear=0",Transformation_ Input LEAP_ID_MY_Nodes Rev1.csv,power_existing_capacity,High
Malaysia,Transformation\Centralized Electricity Generation\Processes\Diesel_MYSR,Existing Capacity,"Interp(2005, 178.096972, 2006, 135.641092, 2007, 131.286643, 2008, 129.327141, 2009, 143.479101, 2010, 152.841167, 2011, 505.769274, 2012, 384.933309, 2013, 407.358722, 2014, 286.370351, 2015, 319.289987, 2016, 455.105257, 2017, 306.198335, 2018, 176.899498, 2019, 177.00836, 2020, 117.2, 2021, 114.6, 2022, 121.1, 2023, 64, 2024, 64, FirstScenarioYear, 0)",Megawatt,,"Transformation_ Input LEAP_ID_MY_Nodes Rev1.csv (round 2 ID/MY subnational, 2026-05-07)","Round 2 — ID/MY subnational EC+HP from Rev1 LEAP-export, anchor with FirstScenarioYear=0",Transformation_ Input LEAP_ID_MY_Nodes Rev1.csv,power_existing_capacity,High
Malaysia,Transformation\Centralized Electricity Generation\Processes\Gas Combined Cycle_MYSR,Existing Capacity,"Interp(2005, 929.329784, 2006, 969.552566, 2007, 971.234887, 2008, 980.411187, 2009, 1038.527754, 2010, 1059.250898, 2011, 1143.672859, 2012, 1188.789667, 2013, 1179.231021, 2014, 1166.001855, 2015, 1032.761979, 2016, 1076.265288, 2017, 1122.336432, 2018, 1135.788887, 2019, 945.334781, 2020, 981, 2021, 1394, 2022, 1806.6, 2023, 1706, 2024, 1706, FirstScenarioYear, 0)",Megawatt,,"Transformation_ Input LEAP_ID_MY_Nodes Rev1.csv (round 2 ID/MY subnational, 2026-05-07)","Round 2 — ID/MY subnational EC+HP from Rev1 LEAP-export, anchor with FirstScenarioYear=0",Transformation_ Input LEAP_ID_MY_Nodes Rev1.csv,power_existing_capacity,High
Malaysia,Transformation\Centralized Electricity Generation\Processes\Large Hydro_MYSR,Existing Capacity,"Interp(2005, 1170.150831, 2006, 1186.923179, 2007, 1177.418848, 2008, 1177.418848, 2009, 1178.537005, 2010, 1177.977926, 2011, 1685.621001, 2012, 1854.46264, 2013, 2197.736701, 2014, 2668.70424, 2015, 3195.74733, 2016, 3426.08758, 2017, 3552.774717, 2018, 3448.338895, 2019, 3452.000858, 2020, 3459.8, 2021, 3470.9, 2022, 3458.2, 2023, 3572, 2024, 3572, FirstScenarioYear, 0)",Megawatt,,"Transformation_ Input LEAP_ID_MY_Nodes Rev1.csv (round 2 ID/MY subnational, 2026-05-07)","Round 2 — ID/MY subnational EC+HP from Rev1 LEAP-export, anchor with FirstScenarioYear=0",Transformation_ Input LEAP_ID_MY_Nodes Rev1.csv,power_existing_capacity,High
Malaysia,Transformation\Centralized Electricity Generation\Processes\Biomass Other_MYSR,Existing Capacity,"Interp(2005, 39.169418, 2006, 36.909644, 2007, 45.697654, 2008, 47.371561, 2009, 111.314799, 2010, 4.184767, 2011, 62.938894, 2012, 65.617145, 2013, 64.026933, 2014, 60.997162, 2015, 72.187229, 2016, 62.135418, 2017, 65.629699, 2018, 48.036939, 2019, 40.381326, 2020, 57.8, 2021, 63.2, 2022, 34.2, 2023, 0, 2024, 0, FirstScenarioYear, 0)",Megawatt,,"Transformation_ Input LEAP_ID_MY_Nodes Rev1.csv (round 2 ID/MY subnational, 2026-05-07)","Round 2 — ID/MY subnational EC+HP from Rev1 LEAP-export, anchor with FirstScenarioYear=0",Transformation_ Input LEAP_ID_MY_Nodes Rev1.csv,power_existing_capacity,High
Indonesia,Transformation\Centralized Electricity Generation\Processes\Coal Subcritical_IDSA,Historical Production,"Interp(2005, 6695.56419, 2006, 7491.916536, 2007, 8170.229641, 2008, 7995.425955, 2009, 8339.092861, 2010, 8403.777925, 2011, 9770.414918, 2012, 11171.59462, 2013, 12198.63502, 2014, 13098.8355, 2015, 14236.87459, 2016, 14157.55838, 2017, 14800.33871, 2018, 12104.79767, 2019, 13148.23236, 2020, 13003.46712, 2021, 12944.8627, 2022, 13482.61598, 2023, 13166.14434, 2024, 13415.63534, FirstScenarioYear, 0)",Gigawatt-Hour,,"Transformation_ Input LEAP_ID_MY_Nodes Rev1.csv (round 2 ID/MY subnational, 2026-05-07)","Round 2 — ID/MY subnational EC+HP from Rev1 LEAP-export, anchor with FirstScenarioYear=0",Transformation_ Input LEAP_ID_MY_Nodes Rev1.csv,power_historical_production,High
Indonesia,Transformation\Centralized Electricity Generation\Processes\Coal Subcritical_IDJW,Historical Production,"Interp(2005, 44451.57255, 2006, 49738.52269, 2007, 54241.81522, 2008, 53081.30081, 2009, 55362.89112, 2010, 55792.33258, 2011, 64865.37881, 2012, 74167.75262, 2013, 80986.23121, 2014, 86962.62478, 2015, 94518.01907, 2016, 93991.44205, 2017, 98258.83391, 2018, 80363.24897, 2019, 87290.56851, 2020, 82725.21826, 2021, 83671.55073, 2022, 85556.54631, 2023, 83548.31434, 2024, 85131.50773, FirstScenarioYear, 0)",Gigawatt-Hour,,"Transformation_ Input LEAP_ID_MY_Nodes Rev1.csv (round 2 ID/MY subnational, 2026-05-07)","Round 2 — ID/MY subnational EC+HP from Rev1 LEAP-export, anchor with FirstScenarioYear=0",Transformation_ Input LEAP_ID_MY_Nodes Rev1.csv,power_historical_production,High
Indonesia,Transformation\Centralized Electricity Generation\Processes\Coal Subcritical_IDKA,Historical Production,"Interp(2005, 2809.593084, 2006, 3143.758507, 2007, 3428.392296, 2008, 3355.041162, 2009, 3499.250692, 2010, 3526.393843, 2011, 4099.862147, 2012, 4687.825263, 2013, 5118.792026, 2014, 5496.534208, 2015, 5974.078248, 2016, 5940.795575, 2017, 6210.519096, 2018, 5079.415992, 2019, 5517.262123, 2020, 4973.359359, 2021, 5247.772198, 2022, 5440.353815, 2023, 5312.654732, 2024, 5413.32654, FirstScenarioYear, 0)",Gigawatt-Hour,,"Transformation_ Input LEAP_ID_MY_Nodes Rev1.csv (round 2 ID/MY subnational, 2026-05-07)","Round 2 — ID/MY subnational EC+HP from Rev1 LEAP-export, anchor with FirstScenarioYear=0",Transformation_ Input LEAP_ID_MY_Nodes Rev1.csv,power_historical_production,High
Indonesia,Transformation\Centralized Electricity Generation\Processes\Coal Subcritical_IDEast,Historical Production,"Interp(2005, 6907.27018, 2006, 7728.802265, 2007, 8428.562845, 2008, 8248.232069, 2009, 8602.765325, 2010, 8669.495656, 2011, 10079.34413, 2012, 11524.82751, 2013, 12584.34174, 2014, 13513.00551, 2015, 14687.02809, 2016, 14605.20399, 2017, 15268.30828, 2018, 12487.53737, 2019, 13563.96425, 2020, 12632.92958, 2021, 11897.78162, 2022, 10248.4439, 2023, 10007.88659, 2024, 10197.53039, FirstScenarioYear, 0)",Gigawatt-Hour,,"Transformation_ Input LEAP_ID_MY_Nodes Rev1.csv (round 2 ID/MY subnational, 2026-05-07)","Round 2 — ID/MY subnational EC+HP from Rev1 LEAP-export, anchor with FirstScenarioYear=0",Transformation_ Input LEAP_ID_MY_Nodes Rev1.csv,power_historical_production,High
Indonesia,Transformation\Centralized Electricity Generation\Processes\Gas Combined Cycle_IDSA,Historical Production,"Interp(2005, 4135.531404, 2006, 4122.820981, 2007, 4169.996202, 2008, 4805.761743, 2009, 4783.64072, 2010, 5294.868566, 2011, 5449.471297, 2012, 4777.163293, 2013, 5063.514439, 2014, 5350.721094, 2015, 5456.437586, 2016, 5891.769546, 2017, 5398.629609, 2018, 5372.964333, 2019, 5274.095581, 2020, 2995.883725, 2021, 2816.04704, 2022, 7350.762224, 2023, 8332.799908, 2024, 9113.462549, FirstScenarioYear, 0)",Gigawatt-Hour,,"Transformation_ Input LEAP_ID_MY_Nodes Rev1.csv (round 2 ID/MY subnational, 2026-05-07)","Round 2 — ID/MY subnational EC+HP from Rev1 LEAP-export, anchor with FirstScenarioYear=0",Transformation_ Input LEAP_ID_MY_Nodes Rev1.csv,power_historical_production,High
Indonesia,Transformation\Centralized Electricity Generation\Processes\Gas Combined Cycle_IDJW,Historical Production,"Interp(2005, 28744.75644, 2006, 28656.41036, 2007, 28984.31023, 2008, 33403.31321, 2009, 33249.55706, 2010, 36802.93835, 2011, 37877.5325, 2012, 33204.53453, 2013, 35194.86979, 2014, 37191.15141, 2015, 37925.95295, 2016, 40951.8062, 2017, 37524.14818, 2018, 37345.75705, 2019, 36658.55197, 2020, 30087.90471, 2021, 33310.38127, 2022, 29013.16765, 2023, 32889.23153, 2024, 35970.47608, FirstScenarioYear, 0)",Gigawatt-Hour,,"Transformation_ Input LEAP_ID_MY_Nodes Rev1.csv (round 2 ID/MY subnational, 2026-05-07)","Round 2 — ID/MY subnational EC+HP from Rev1 LEAP-export, anchor with FirstScenarioYear=0",Transformation_ Input LEAP_ID_MY_Nodes Rev1.csv,power_historical_production,High
Indonesia,Transformation\Centralized Electricity Generation\Processes\Gas Combined Cycle_IDKA,Historical Production,"Interp(2005, 173.659765, 2006, 173.126027, 2007, 175.107015, 2008, 201.804163, 2009, 200.875255, 2010, 222.3428, 2011, 228.834898, 2012, 200.603254, 2013, 212.627748, 2014, 224.688166, 2015, 229.127427, 2016, 247.407942, 2017, 226.699947, 2018, 225.622207, 2019, 221.470498, 2020, 308.917526, 2021, 331.819906, 2022, 289.0134, 2023, 327.624641, 2024, 358.318324, FirstScenarioYear, 0)",Gigawatt-Hour,,"Transformation_ Input LEAP_ID_MY_Nodes Rev1.csv (round 2 ID/MY subnational, 2026-05-07)","Round 2 — ID/MY subnational EC+HP from Rev1 LEAP-export, anchor with FirstScenarioYear=0",Transformation_ Input LEAP_ID_MY_Nodes Rev1.csv,power_historical_production,High
Indonesia,Transformation\Centralized Electricity Generation\Processes\Gas Combined Cycle_IDEast,Historical Production,"Interp(2005, 784.052396, 2006, 781.642636, 2007, 790.586552, 2008, 911.120879, 2009, 906.92697, 2010, 1003.850286, 2011, 1033.161306, 2012, 905.698919, 2013, 959.988025, 2014, 1014.439327, 2015, 1034.48204, 2016, 1117.01631, 2017, 1023.522267, 2018, 1018.656406, 2019, 999.911951, 2020, 750.334038, 2021, 1516.721783, 2022, 1821.05673, 2023, 2064.343926, 2024, 2257.743048, FirstScenarioYear, 0)",Gigawatt-Hour,,"Transformation_ Input LEAP_ID_MY_Nodes Rev1.csv (round 2 ID/MY subnational, 2026-05-07)","Round 2 — ID/MY subnational EC+HP from Rev1 LEAP-export, anchor with FirstScenarioYear=0",Transformation_ Input LEAP_ID_MY_Nodes Rev1.csv,power_historical_production,High
Indonesia,Transformation\Centralized Electricity Generation\Processes\Gas Turbine_IDSA,Historical Production,"Interp(2005, 1459.364226, 2006, 1324.170472, 2007, 1516.263954, 2008, 1583.405633, 2009, 2354.05555, 2010, 2477.186562, 2011, 2654.713714, 2012, 2276.216722, 2013, 2386.829794, 2014, 2438.039549, 2015, 1820.108502, 2016, 1482.124117, 2017, 1620.276657, 2018, 2266.20237, 2019, 2081.155351, 2020, 1516.568622, 2021, 1761.718281, 2022, 1602.452572, 2023, 1298.606478, 2024, 1622.953031, FirstScenarioYear, 0)",Gigawatt-Hour,,"Transformation_ Input LEAP_ID_MY_Nodes Rev1.csv (round 2 ID/MY subnational, 2026-05-07)","Round 2 — ID/MY subnational EC+HP from Rev1 LEAP-export, anchor with FirstScenarioYear=0",Transformation_ Input LEAP_ID_MY_Nodes Rev1.csv,power_historical_production,High
Indonesia,Transformation\Centralized Electricity Generation\Processes\Gas Turbine_IDJW,Historical Production,"Interp(2005, 4131.998296, 2006, 3749.214923, 2007, 4293.10241, 2008, 4483.205263, 2009, 6665.199373, 2010, 7013.828674, 2011, 7516.473507, 2012, 6444.808946, 2013, 6757.995342, 2014, 6902.989044, 2015, 5153.398374, 2016, 4196.439942, 2017, 4587.600729, 2018, 6416.454622, 2019, 5892.518269, 2020, 4137.48576, 2021, 4434.455427, 2022, 4033.564606, 2023, 3268.74768, 2024, 4085.166711, FirstScenarioYear, 0)",Gigawatt-Hour,,"Transformation_ Input LEAP_ID_MY_Nodes Rev1.csv (round 2 ID/MY subnational, 2026-05-07)","Round 2 — ID/MY subnational EC+HP from Rev1 LEAP-export, anchor with FirstScenarioYear=0",Transformation_ Input LEAP_ID_MY_Nodes Rev1.csv,power_historical_production,High
Indonesia,Transformation\Centralized Electricity Generation\Processes\Gas Turbine_IDKA,Historical Production,"Interp(2005, 437.742266, 2006, 397.190346, 2007, 454.809572, 2008, 474.948993, 2009, 706.108586, 2010, 743.042236, 2011, 796.292231, 2012, 682.760511, 2013, 715.939354, 2014, 731.29993, 2015, 545.948986, 2016, 444.569188, 2017, 486.008607, 2018, 679.756666, 2019, 624.251056, 2020, 444.89361, 2021, 546.272597, 2022, 496.887577, 2023, 402.671154, 2024, 503.244347, FirstScenarioYear, 0)",Gigawatt-Hour,,"Transformation_ Input LEAP_ID_MY_Nodes Rev1.csv (round 2 ID/MY subnational, 2026-05-07)","Round 2 — ID/MY subnational EC+HP from Rev1 LEAP-export, anchor with FirstScenarioYear=0",Transformation_ Input LEAP_ID_MY_Nodes Rev1.csv,power_historical_production,High
Indonesia,Transformation\Centralized Electricity Generation\Processes\Gas Turbine_IDEast,Historical Production,"Interp(2005, 382.895212, 2006, 347.424258, 2007, 397.824065, 2008, 415.440111, 2009, 617.636491, 2010, 649.942528, 2011, 696.520548, 2012, 597.21382, 2013, 626.23551, 2014, 639.671477, 2015, 477.544138, 2016, 388.866753, 2017, 425.114007, 2018, 594.586342, 2019, 546.035325, 2020, 396.062008, 2021, 469.543696, 2022, 433.095246, 2023, 350.974689, 2024, 438.63591, FirstScenarioYear, 0)",Gigawatt-Hour,,"Transformation_ Input LEAP_ID_MY_Nodes Rev1.csv (round 2 ID/MY subnational, 2026-05-07)","Round 2 — ID/MY subnational EC+HP from Rev1 LEAP-export, anchor with FirstScenarioYear=0",Transformation_ Input LEAP_ID_MY_Nodes Rev1.csv,power_historical_production,High
Indonesia,Transformation\Centralized Electricity Generation\Processes\Gas Engine_IDSA,Historical Production,"Interp(2005, 0, 2006, 0, 2007, 53.018333, 2008, 0, 2009, 0, 2010, 32.424435, 2011, 21.032066, 2012, 24.099242, 2013, 167.380192, 2014, 22.34657, 2015, 540.261196, 2016, 1073.949871, 2017, 35.929779, 2018, 86.93254, 2019, 2811.905887, 2020, 3588.57741, 2021, 3679.447495, 2022, 2125.899659, 2023, 2025.367087, 2024, 2114.487173, FirstScenarioYear, 0)",Gigawatt-Hour,,"Transformation_ Input LEAP_ID_MY_Nodes Rev1.csv (round 2 ID/MY subnational, 2026-05-07)","Round 2 — ID/MY subnational EC+HP from Rev1 LEAP-export, anchor with FirstScenarioYear=0",Transformation_ Input LEAP_ID_MY_Nodes Rev1.csv,power_historical_production,High
Indonesia,Transformation\Centralized Electricity Generation\Processes\Gas Engine_IDJW,Historical Production,"Interp(2005, 0, 2006, 0, 2007, 11.429856, 2008, 0, 2009, 0, 2010, 6.99016, 2011, 4.534158, 2012, 5.195389, 2013, 36.084339, 2014, 4.817543, 2015, 116.471178, 2016, 231.525432, 2017, 7.745853, 2018, 18.741186, 2019, 606.199362, 2020, 871.833896, 2021, 807.51705, 2022, 466.564674, 2023, 444.501099, 2024, 464.060011, FirstScenarioYear, 0)",Gigawatt-Hour,,"Transformation_ Input LEAP_ID_MY_Nodes Rev1.csv (round 2 ID/MY subnational, 2026-05-07)","Round 2 — ID/MY subnational EC+HP from Rev1 LEAP-export, anchor with FirstScenarioYear=0",Transformation_ Input LEAP_ID_MY_Nodes Rev1.csv,power_historical_production,High
Indonesia,Transformation\Centralized Electricity Generation\Processes\Gas Engine_IDKA,Historical Production,"Interp(2005, 0, 2006, 0, 2007, 17.513992, 2008, 0, 2009, 0, 2010, 10.711036, 2011, 6.947699, 2012, 7.960905, 2013, 55.292106, 2014, 7.38193, 2015, 178.469022, 2016, 354.766889, 2017, 11.868986, 2018, 28.717157, 2019, 928.880509, 2020, 1177.238847, 2021, 1107.359125, 2022, 1989.80649, 2023, 1895.709685, 2024, 1979.124594, FirstScenarioYear, 0)",Gigawatt-Hour,,"Transformation_ Input LEAP_ID_MY_Nodes Rev1.csv (round 2 ID/MY subnational, 2026-05-07)","Round 2 — ID/MY subnational EC+HP from Rev1 LEAP-export, anchor with FirstScenarioYear=0",Transformation_ Input LEAP_ID_MY_Nodes Rev1.csv,power_historical_production,High
Indonesia,Transformation\Centralized Electricity Generation\Processes\Gas Engine_IDEast,Historical Production,"Interp(2005, 0, 2006, 0, 2007, 39.037819, 2008, 0, 2009, 0, 2010, 23.874369, 2011, 15.486077, 2012, 17.744463, 2013, 123.243363, 2014, 16.453957, 2015, 397.798603, 2016, 790.757807, 2017, 26.455382, 2018, 64.009118, 2019, 2070.428605, 2020, 3621.220597, 2021, 4758.634893, 2022, 6223.739177, 2023, 5929.422129, 2024, 6190.328222, FirstScenarioYear, 0)",Gigawatt-Hour,,"Transformation_ Input LEAP_ID_MY_Nodes Rev1.csv (round 2 ID/MY subnational, 2026-05-07)","Round 2 — ID/MY subnational EC+HP from Rev1 LEAP-export, anchor with FirstScenarioYear=0",Transformation_ Input LEAP_ID_MY_Nodes Rev1.csv,power_historical_production,High
Indonesia,Transformation\Centralized Electricity Generation\Processes\Diesel_IDSA,Historical Production,"Interp(2005, 1921.218177, 2006, 1933.019012, 2007, 1888.344421, 2008, 2242.158759, 2009, 2281.143662, 2010, 2590.704866, 2011, 3471.763679, 2012, 4044.314934, 2013, 4068.548792, 2014, 4695.046724, 2015, 4107.533696, 2016, 4153.051204, 2017, 3911.766263, 2018, 3672.799342, 2019, 2203.38037, 2020, 1435.847604, 2021, 1375.405582, 2022, 1171.270064, 2023, 1248.710538, 2024, 1355.627284, FirstScenarioYear, 0)",Gigawatt-Hour,,"Transformation_ Input LEAP_ID_MY_Nodes Rev1.csv (round 2 ID/MY subnational, 2026-05-07)","Round 2 — ID/MY subnational EC+HP from Rev1 LEAP-export, anchor with FirstScenarioYear=0",Transformation_ Input LEAP_ID_MY_Nodes Rev1.csv,power_historical_production,High
Indonesia,Transformation\Centralized Electricity Generation\Processes\Diesel_IDJW,Historical Production,"Interp(2005, 878.481578, 2006, 883.877538, 2007, 863.449975, 2008, 1025.232422, 2009, 1043.058362, 2010, 1184.605958, 2011, 1587.472195, 2012, 1849.272617, 2013, 1860.353606, 2014, 2146.821274, 2015, 1878.179546, 2016, 1898.992535, 2017, 1788.664422, 2018, 1679.396229, 2019, 1007.500911, 2020, 443.752617, 2021, 433.457816, 2022, 369.124694, 2023, 393.529989, 2024, 427.224704, FirstScenarioYear, 0)",Gigawatt-Hour,,"Transformation_ Input LEAP_ID_MY_Nodes Rev1.csv (round 2 ID/MY subnational, 2026-05-07)","Round 2 — ID/MY subnational EC+HP from Rev1 LEAP-export, anchor with FirstScenarioYear=0",Transformation_ Input LEAP_ID_MY_Nodes Rev1.csv,power_historical_production,High
Indonesia,Transformation\Centralized Electricity Generation\Processes\Diesel_IDKA,Historical Production,"Interp(2005, 1899.012663, 2006, 1910.677104, 2007, 1866.518863, 2008, 2216.243801, 2009, 2254.778115, 2010, 2560.761399, 2011, 3431.6369, 2012, 3997.570585, 2013, 4021.524348, 2014, 4640.781192, 2015, 4060.058662, 2016, 4105.050078, 2017, 3866.553917, 2018, 3630.348986, 2019, 2177.913614, 2020, 1730.569335, 2021, 1495.006067, 2022, 1273.119635, 2023, 1357.294063, 2024, 1473.507917, FirstScenarioYear, 0)",Gigawatt-Hour,,"Transformation_ Input LEAP_ID_MY_Nodes Rev1.csv (round 2 ID/MY subnational, 2026-05-07)","Round 2 — ID/MY subnational EC+HP from Rev1 LEAP-export, anchor with FirstScenarioYear=0",Transformation_ Input LEAP_ID_MY_Nodes Rev1.csv,power_historical_production,High
Indonesia,Transformation\Centralized Electricity Generation\Processes\Diesel_IDEast,Historical Production,"Interp(2005, 4418.287582, 2006, 4445.426345, 2007, 4342.686742, 2008, 5156.365019, 2009, 5246.019862, 2010, 5957.927776, 2011, 7984.127226, 2012, 9300.841864, 2013, 9356.573253, 2014, 10797.35081, 2015, 9446.228096, 2016, 9550.906183, 2017, 8996.015399, 2018, 8446.455443, 2019, 5067.185104, 2020, 3119.860443, 2021, 3119.120535, 2022, 3266.495607, 2023, 3482.465411, 2024, 3780.640095, FirstScenarioYear, 0)",Gigawatt-Hour,,"Transformation_ Input LEAP_ID_MY_Nodes Rev1.csv (round 2 ID/MY subnational, 2026-05-07)","Round 2 — ID/MY subnational EC+HP from Rev1 LEAP-export, anchor with FirstScenarioYear=0",Transformation_ Input LEAP_ID_MY_Nodes Rev1.csv,power_historical_production,High
Indonesia,Transformation\Centralized Electricity Generation\Processes\Large Hydro_IDSA,Historical Production,"Interp(2005, 3152.596998, 2006, 2828.665819, 2007, 3317.502072, 2008, 3388.637594, 2009, 3346.309018, 2010, 5131.163934, 2011, 3650.545652, 2012, 3762.246058, 2013, 4974.489417, 2014, 4456.552269, 2015, 4039.145487, 2016, 5490.074977, 2017, 5476.847297, 2018, 6353.107591, 2019, 6209.651935, 2020, 7008.237707, 2021, 7191.745174, 2022, 7923.355576, 2023, 7173.348316, 2024, 7916.646059, FirstScenarioYear, 0)",Gigawatt-Hour,,"Transformation_ Input LEAP_ID_MY_Nodes Rev1.csv (round 2 ID/MY subnational, 2026-05-07)","Round 2 — ID/MY subnational EC+HP from Rev1 LEAP-export, anchor with FirstScenarioYear=0",Transformation_ Input LEAP_ID_MY_Nodes Rev1.csv,power_historical_production,High
Indonesia,Transformation\Centralized Electricity Generation\Processes\Large Hydro_IDJW,Historical Production,"Interp(2005, 5696.728033, 2006, 5111.385908, 2007, 5994.71073, 2008, 6123.252286, 2009, 6046.764748, 2010, 9271.989235, 2011, 6596.518922, 2012, 6798.361034, 2013, 8988.879114, 2014, 8052.96911, 2015, 7298.717007, 2016, 9920.539811, 2017, 9896.637455, 2018, 11480.03571, 2019, 11220.81201, 2020, 13281.29936, 2021, 13356.90959, 2022, 14715.69716, 2023, 13322.74192, 2024, 14703.23587, FirstScenarioYear, 0)",Gigawatt-Hour,,"Transformation_ Input LEAP_ID_MY_Nodes Rev1.csv (round 2 ID/MY subnational, 2026-05-07)","Round 2 — ID/MY subnational EC+HP from Rev1 LEAP-export, anchor with FirstScenarioYear=0",Transformation_ Input LEAP_ID_MY_Nodes Rev1.csv,power_historical_production,High
Indonesia,Transformation\Centralized Electricity Generation\Processes\Large Hydro_IDKA,Historical Production,"Interp(2005, 573.845542, 2006, 514.882578, 2007, 603.862078, 2008, 616.810388, 2009, 609.105608, 2010, 933.990469, 2011, 664.48371, 2012, 684.815766, 2013, 905.472085, 2014, 811.195549, 2015, 735.217864, 2016, 999.320577, 2017, 996.912833, 2018, 1156.412466, 2019, 1130.30022, 2020, 1180.169718, 2021, 1197.605891, 2022, 1319.437367, 2023, 1194.542353, 2024, 1318.320064, FirstScenarioYear, 0)",Gigawatt-Hour,,"Transformation_ Input LEAP_ID_MY_Nodes Rev1.csv (round 2 ID/MY subnational, 2026-05-07)","Round 2 — ID/MY subnational EC+HP from Rev1 LEAP-export, anchor with FirstScenarioYear=0",Transformation_ Input LEAP_ID_MY_Nodes Rev1.csv,power_historical_production,High
Indonesia,Transformation\Centralized Electricity Generation\Processes\Large Hydro_IDEast,Historical Production,"Interp(2005, 1301.829427, 2006, 1168.065695, 2007, 1369.925121, 2008, 1399.299733, 2009, 1381.820625, 2010, 2118.856362, 2011, 1507.451716, 2012, 1553.577141, 2013, 2054.159385, 2014, 1840.283072, 2015, 1667.919642, 2016, 2267.064636, 2017, 2261.602414, 2018, 2623.444235, 2019, 2564.205837, 2020, 2819.293215, 2021, 2831.73935, 2022, 3202.509897, 2023, 2899.367415, 2024, 3199.798004, FirstScenarioYear, 0)",Gigawatt-Hour,,"Transformation_ Input LEAP_ID_MY_Nodes Rev1.csv (round 2 ID/MY subnational, 2026-05-07)","Round 2 — ID/MY subnational EC+HP from Rev1 LEAP-export, anchor with FirstScenarioYear=0",Transformation_ Input LEAP_ID_MY_Nodes Rev1.csv,power_historical_production,High
Indonesia,Transformation\Centralized Electricity Generation\Processes\Small Hydro_IDSA,Historical Production,"Interp(2005, 0, 2006, 0, 2007, 0, 2008, 0, 2009, 0, 2010, 0, 2011, 0, 2012, 0, 2013, 0, 2014, 0, 2015, 0, 2016, 0, 2017, 0, 2018, 8.068583, 2019, 12.099513, 2020, 10.434909, 2021, 42.276768, 2022, 47.62178, 2023, 0, 2024, 54.018735, FirstScenarioYear, 0)",Gigawatt-Hour,,"Transformation_ Input LEAP_ID_MY_Nodes Rev1.csv (round 2 ID/MY subnational, 2026-05-07)","Round 2 — ID/MY subnational EC+HP from Rev1 LEAP-export, anchor with FirstScenarioYear=0",Transformation_ Input LEAP_ID_MY_Nodes Rev1.csv,power_historical_production,High
Indonesia,Transformation\Centralized Electricity Generation\Processes\Small Hydro_IDJW,Historical Production,"Interp(2005, 0, 2006, 0, 2007, 0, 2008, 0, 2009, 0, 2010, 0, 2011, 0, 2012, 0, 2013, 0, 2014, 0, 2015, 0, 2016, 0, 2017, 0, 2018, 8.068583, 2019, 12.099513, 2020, 10.434909, 2021, 34.535811, 2022, 38.902141, 2023, 0, 2024, 44.127802, FirstScenarioYear, 0)",Gigawatt-Hour,,"Transformation_ Input LEAP_ID_MY_Nodes Rev1.csv (round 2 ID/MY subnational, 2026-05-07)","Round 2 — ID/MY subnational EC+HP from Rev1 LEAP-export, anchor with FirstScenarioYear=0",Transformation_ Input LEAP_ID_MY_Nodes Rev1.csv,power_historical_production,High
Indonesia,Transformation\Centralized Electricity Generation\Processes\Small Hydro_IDKA,Historical Production,"Interp(2005, 0, 2006, 0, 2007, 0, 2008, 0, 2009, 0, 2010, 0, 2011, 0, 2012, 0, 2013, 0, 2014, 0, 2015, 0, 2016, 0, 2017, 0, 2018, 0.201715, 2019, 0.302488, 2020, 0.521745, 2021, 0.666638, 2022, 0.75092, 2023, 0, 2024, 0.85179, FirstScenarioYear, 0)",Gigawatt-Hour,,"Transformation_ Input LEAP_ID_MY_Nodes Rev1.csv (round 2 ID/MY subnational, 2026-05-07)","Round 2 — ID/MY subnational EC+HP from Rev1 LEAP-export, anchor with FirstScenarioYear=0",Transformation_ Input LEAP_ID_MY_Nodes Rev1.csv,power_historical_production,High
Indonesia,Transformation\Centralized Electricity Generation\Processes\Small Hydro_IDEast,Historical Production,"Interp(2005, 0, 2006, 0, 2007, 0, 2008, 0, 2009, 0, 2010, 0, 2011, 0, 2012, 0, 2013, 0, 2014, 0, 2015, 0, 2016, 0, 2017, 0, 2018, 7.66112, 2019, 11.488487, 2020, 14.598437, 2021, 41.480783, 2022, 46.725159, 2023, 0, 2024, 53.001673, FirstScenarioYear, 0)",Gigawatt-Hour,,"Transformation_ Input LEAP_ID_MY_Nodes Rev1.csv (round 2 ID/MY subnational, 2026-05-07)","Round 2 — ID/MY subnational EC+HP from Rev1 LEAP-export, anchor with FirstScenarioYear=0",Transformation_ Input LEAP_ID_MY_Nodes Rev1.csv,power_historical_production,High
Indonesia,Transformation\Centralized Electricity Generation\Processes\Geothermal Flash_IDSA,Historical Production,"Interp(2005, 2132.238776, 2006, 2149.673799, 2007, 2266.8759, 2008, 2682.733493, 2009, 3001.084104, 2010, 3021.102093, 2011, 3025.622285, 2012, 3040.151471, 2013, 3039.505729, 2014, 3241.29998, 2015, 3243.882947, 2016, 3440.511265, 2017, 4121.122915, 2018, 4526.325772, 2019, 4552.478307, 2020, 4805.337048, 2021, 4791.315469, 2022, 5025.770037, 2023, 5103.822111, 2024, 5097.493564, FirstScenarioYear, 0)",Gigawatt-Hour,,"Transformation_ Input LEAP_ID_MY_Nodes Rev1.csv (round 2 ID/MY subnational, 2026-05-07)","Round 2 — ID/MY subnational EC+HP from Rev1 LEAP-export, anchor with FirstScenarioYear=0",Transformation_ Input LEAP_ID_MY_Nodes Rev1.csv,power_historical_production,High
Indonesia,Transformation\Centralized Electricity Generation\Processes\Geothermal Flash_IDJW,Historical Production,"Interp(2005, 4081.381566, 2006, 4114.754462, 2007, 4339.094485, 2008, 5135.099854, 2009, 5744.464212, 2010, 5782.781241, 2011, 5791.433473, 2012, 5819.24422, 2013, 5818.008187, 2014, 6204.268556, 2015, 6209.212689, 2016, 6585.584792, 2017, 7888.363766, 2018, 8663.974588, 2019, 8714.033931, 2020, 9853.156448, 2021, 10102.15699, 2022, 10596.48822, 2023, 10761.05561, 2024, 10747.71231, FirstScenarioYear, 0)",Gigawatt-Hour,,"Transformation_ Input LEAP_ID_MY_Nodes Rev1.csv (round 2 ID/MY subnational, 2026-05-07)","Round 2 — ID/MY subnational EC+HP from Rev1 LEAP-export, anchor with FirstScenarioYear=0",Transformation_ Input LEAP_ID_MY_Nodes Rev1.csv,power_historical_production,High
Indonesia,Transformation\Centralized Electricity Generation\Processes\Geothermal Flash_IDKA,Historical Production,"Interp(2005, 0, 2006, 0, 2007, 0, 2008, 0, 2009, 0, 2010, 0, 2011, 0, 2012, 0, 2013, 0, 2014, 0, 2015, 0, 2016, 0, 2017, 0, 2018, 0, 2019, 0, 2020, 0, 2021, 0, 2022, 0, 2023, 0, 2024, 0, FirstScenarioYear, 0)",Gigawatt-Hour,,"Transformation_ Input LEAP_ID_MY_Nodes Rev1.csv (round 2 ID/MY subnational, 2026-05-07)","Round 2 — ID/MY subnational EC+HP from Rev1 LEAP-export, anchor with FirstScenarioYear=0",Transformation_ Input LEAP_ID_MY_Nodes Rev1.csv,power_historical_production,High
Indonesia,Transformation\Centralized Electricity Generation\Processes\Geothermal Flash_IDEast,Historical Production,"Interp(2005, 390.379658, 2006, 393.571739, 2007, 415.029615, 2008, 491.166653, 2009, 549.451684, 2010, 553.116666, 2011, 553.944242, 2012, 556.60431, 2013, 556.486084, 2014, 593.431464, 2015, 593.904365, 2016, 629.903943, 2017, 754.513319, 2018, 828.699641, 2019, 833.487762, 2020, 904.476504, 2021, 1005.537541, 2022, 1054.741746, 2023, 1071.122277, 2024, 1069.794125, FirstScenarioYear, 0)",Gigawatt-Hour,,"Transformation_ Input LEAP_ID_MY_Nodes Rev1.csv (round 2 ID/MY subnational, 2026-05-07)","Round 2 — ID/MY subnational EC+HP from Rev1 LEAP-export, anchor with FirstScenarioYear=0",Transformation_ Input LEAP_ID_MY_Nodes Rev1.csv,power_historical_production,High
Indonesia,Transformation\Centralized Electricity Generation\Processes\Biomass Other_IDSA,Historical Production,"Interp(2005, 0, 2006, 0, 2007, 0, 2008, 0, 2009, 0, 2010, 0, 2011, 0, 2012, 0, 2013, 0, 2014, 0, 2015, 0, 2016, 0, 2017, 0, 2018, 13050.98222, 2019, 13142.99956, 2020, 11044.71124, 2021, 13334.10788, 2022, 17869.13815, 2023, 21264.29188, 2024, 20926.0003, FirstScenarioYear, 0)",Gigawatt-Hour,,"Transformation_ Input LEAP_ID_MY_Nodes Rev1.csv (round 2 ID/MY subnational, 2026-05-07)","Round 2 — ID/MY subnational EC+HP from Rev1 LEAP-export, anchor with FirstScenarioYear=0",Transformation_ Input LEAP_ID_MY_Nodes Rev1.csv,power_historical_production,High
Indonesia,Transformation\Centralized Electricity Generation\Processes\Biomass Other_IDJW,Historical Production,"Interp(2005, 0, 2006, 0, 2007, 0, 2008, 0, 2009, 0, 2010, 0, 2011, 0, 2012, 0, 2013, 0, 2014, 0, 2015, 0, 2016, 0, 2017, 0, 2018, 1551.600284, 2019, 1562.540007, 2020, 1408.29303, 2021, 1394.207372, 2022, 1868.387773, 2023, 2223.383278, 2024, 2188.011687, FirstScenarioYear, 0)",Gigawatt-Hour,,"Transformation_ Input LEAP_ID_MY_Nodes Rev1.csv (round 2 ID/MY subnational, 2026-05-07)","Round 2 — ID/MY subnational EC+HP from Rev1 LEAP-export, anchor with FirstScenarioYear=0",Transformation_ Input LEAP_ID_MY_Nodes Rev1.csv,power_historical_production,High
Indonesia,Transformation\Centralized Electricity Generation\Processes\Biomass Other_IDKA,Historical Production,"Interp(2005, 0, 2006, 0, 2007, 0, 2008, 0, 2009, 0, 2010, 0, 2011, 0, 2012, 0, 2013, 0, 2014, 0, 2015, 0, 2016, 0, 2017, 0, 2018, 438.495733, 2019, 441.587393, 2020, 404.018492, 2021, 399.977525, 2022, 536.012886, 2023, 637.855859, 2024, 627.708271, FirstScenarioYear, 0)",Gigawatt-Hour,,"Transformation_ Input LEAP_ID_MY_Nodes Rev1.csv (round 2 ID/MY subnational, 2026-05-07)","Round 2 — ID/MY subnational EC+HP from Rev1 LEAP-export, anchor with FirstScenarioYear=0",Transformation_ Input LEAP_ID_MY_Nodes Rev1.csv,power_historical_production,High
Indonesia,Transformation\Centralized Electricity Generation\Processes\Biomass Other_IDEast,Historical Production,"Interp(2005, 0, 2006, 0, 2007, 0, 2008, 0, 2009, 0, 2010, 0, 2011, 0, 2012, 0, 2013, 0, 2014, 0, 2015, 0, 2016, 0, 2017, 0, 2018, 134.921764, 2019, 135.873044, 2020, 126.97724, 2021, 125.707222, 2022, 168.461193, 2023, 200.468984, 2024, 197.279742, FirstScenarioYear, 0)",Gigawatt-Hour,,"Transformation_ Input LEAP_ID_MY_Nodes Rev1.csv (round 2 ID/MY subnational, 2026-05-07)","Round 2 — ID/MY subnational EC+HP from Rev1 LEAP-export, anchor with FirstScenarioYear=0",Transformation_ Input LEAP_ID_MY_Nodes Rev1.csv,power_historical_production,High
Indonesia,Transformation\Centralized Electricity Generation\Processes\Biogas_IDSA,Historical Production,"Interp(2005, 0, 2006, 0, 2007, 0, 2008, 0, 2009, 0, 2010, 0, 2011, 0, 2012, 0, 2013, 0, 2014, 0, 2015, 0, 2016, 0, 2017, 0, 2018, 352.045826, 2019, 455.155483, 2020, 614.615385, 2021, 675, 2022, 749.680851, 2023, 726.702128, 2024, 799.228723, FirstScenarioYear, 0)",Gigawatt-Hour,,"Transformation_ Input LEAP_ID_MY_Nodes Rev1.csv (round 2 ID/MY subnational, 2026-05-07)","Round 2 — ID/MY subnational EC+HP from Rev1 LEAP-export, anchor with FirstScenarioYear=0",Transformation_ Input LEAP_ID_MY_Nodes Rev1.csv,power_historical_production,High
Indonesia,Transformation\Centralized Electricity Generation\Processes\Biogas_IDJW,Historical Production,"Interp(2005, 0, 2006, 0, 2007, 0, 2008, 0, 2009, 0, 2010, 0, 2011, 0, 2012, 0, 2013, 0, 2014, 0, 2015, 0, 2016, 0, 2017, 0, 2018, 8.605565, 2019, 11.126023, 2020, 13.65812, 2021, 15, 2022, 16.659574, 2023, 16.148936, 2024, 17.760638, FirstScenarioYear, 0)",Gigawatt-Hour,,"Transformation_ Input LEAP_ID_MY_Nodes Rev1.csv (round 2 ID/MY subnational, 2026-05-07)","Round 2 — ID/MY subnational EC+HP from Rev1 LEAP-export, anchor with FirstScenarioYear=0",Transformation_ Input LEAP_ID_MY_Nodes Rev1.csv,power_historical_production,High
Indonesia,Transformation\Centralized Electricity Generation\Processes\Biogas_IDKA,Historical Production,"Interp(2005, 0, 2006, 0, 2007, 0, 2008, 0, 2009, 0, 2010, 0, 2011, 0, 2012, 0, 2013, 0, 2014, 0, 2015, 0, 2016, 0, 2017, 0, 2018, 117.348609, 2019, 151.718494, 2020, 170.726496, 2021, 250, 2022, 277.659575, 2023, 269.148936, 2024, 296.010638, FirstScenarioYear, 0)",Gigawatt-Hour,,"Transformation_ Input LEAP_ID_MY_Nodes Rev1.csv (round 2 ID/MY subnational, 2026-05-07)","Round 2 — ID/MY subnational EC+HP from Rev1 LEAP-export, anchor with FirstScenarioYear=0",Transformation_ Input LEAP_ID_MY_Nodes Rev1.csv,power_historical_production,High
Indonesia,Transformation\Centralized Electricity Generation\Processes\Solar PV_IDSA,Historical Production,"Interp(2005, 0, 2006, 0, 2007, 0, 2008, 0, 2009, 0, 2010, 0.047853, 2011, 0.070859, 2012, 0.276995, 2013, 0.506138, 2014, 0.626691, 2015, 0.485892, 2016, 1.940808, 2017, 2.673327, 2018, 8.3071, 2019, 10.887482, 2020, 14.452919, 2021, 20.986372, 2022, 41.615325, 2023, 66.868877, 2024, 126.797645, FirstScenarioYear, 0)",Gigawatt-Hour,,"Transformation_ Input LEAP_ID_MY_Nodes Rev1.csv (round 2 ID/MY subnational, 2026-05-07)","Round 2 — ID/MY subnational EC+HP from Rev1 LEAP-export, anchor with FirstScenarioYear=0",Transformation_ Input LEAP_ID_MY_Nodes Rev1.csv,power_historical_production,High
Indonesia,Transformation\Centralized Electricity Generation\Processes\Solar PV_IDJW,Historical Production,"Interp(2005, 0, 2006, 0, 2007, 0, 2008, 0, 2009, 0, 2010, 0.084546, 2011, 0.125193, 2012, 0.489391, 2013, 0.894236, 2014, 1.107227, 2015, 0.858467, 2016, 3.42899, 2017, 4.723193, 2018, 14.676856, 2019, 19.235834, 2020, 28.824699, 2021, 29.65963, 2022, 58.814126, 2023, 94.504478, 2024, 179.200636, FirstScenarioYear, 0)",Gigawatt-Hour,,"Transformation_ Input LEAP_ID_MY_Nodes Rev1.csv (round 2 ID/MY subnational, 2026-05-07)","Round 2 — ID/MY subnational EC+HP from Rev1 LEAP-export, anchor with FirstScenarioYear=0",Transformation_ Input LEAP_ID_MY_Nodes Rev1.csv,power_historical_production,High
Indonesia,Transformation\Centralized Electricity Generation\Processes\Solar PV_IDKA,Historical Production,"Interp(2005, 0, 2006, 0, 2007, 0, 2008, 0, 2009, 0, 2010, 0.057153, 2011, 0.084631, 2012, 0.330828, 2013, 0.604504, 2014, 0.748485, 2015, 0.580324, 2016, 2.317997, 2017, 3.192879, 2018, 9.921554, 2019, 13.003424, 2020, 19.544404, 2021, 26.186167, 2022, 51.926357, 2023, 83.436983, 2024, 158.214307, FirstScenarioYear, 0)",Gigawatt-Hour,,"Transformation_ Input LEAP_ID_MY_Nodes Rev1.csv (round 2 ID/MY subnational, 2026-05-07)","Round 2 — ID/MY subnational EC+HP from Rev1 LEAP-export, anchor with FirstScenarioYear=0",Transformation_ Input LEAP_ID_MY_Nodes Rev1.csv,power_historical_production,High
Indonesia,Transformation\Centralized Electricity Generation\Processes\Solar PV_IDEast,Historical Production,"Interp(2005, 0, 2006, 0, 2007, 0, 2008, 0, 2009, 0, 2010, 0.330448, 2011, 0.489317, 2012, 1.912785, 2013, 3.495122, 2014, 4.327597, 2015, 3.355317, 2016, 13.402206, 2017, 18.460601, 2018, 57.36449, 2019, 75.183259, 2020, 108.117978, 2021, 115.757832, 2022, 291.374192, 2023, 468.189663, 2024, 887.787412, FirstScenarioYear, 0)",Gigawatt-Hour,,"Transformation_ Input LEAP_ID_MY_Nodes Rev1.csv (round 2 ID/MY subnational, 2026-05-07)","Round 2 — ID/MY subnational EC+HP from Rev1 LEAP-export, anchor with FirstScenarioYear=0",Transformation_ Input LEAP_ID_MY_Nodes Rev1.csv,power_historical_production,High
Indonesia,Transformation\Centralized Electricity Generation\Processes\Wind Onshore_IDSA,Historical Production,"Interp(2005, 0, 2006, 0, 2007, 0, 2008, 0, 2009, 0, 2010, 0, 2011, 0, 2012, 0, 2013, 0, 2014, 0, 2015, 0, 2016, 0, 2017, 0, 2018, 0, 2019, 0, 2020, 0, 2021, 0, 2022, 0, 2023, 0, 2024, 0, FirstScenarioYear, 0)",Gigawatt-Hour,,"Transformation_ Input LEAP_ID_MY_Nodes Rev1.csv (round 2 ID/MY subnational, 2026-05-07)","Round 2 — ID/MY subnational EC+HP from Rev1 LEAP-export, anchor with FirstScenarioYear=0",Transformation_ Input LEAP_ID_MY_Nodes Rev1.csv,power_historical_production,High
Indonesia,Transformation\Centralized Electricity Generation\Processes\Wind Onshore_IDJW,Historical Production,"Interp(2005, 0, 2006, 0, 2007, 0.000206, 2008, 0.003093, 2009, 0.038144, 2010, 0.037423, 2011, 0.048454, 2012, 0.047423, 2013, 0.001031, 2014, 0, 2015, 0.038144, 2016, 0.058763, 2017, 0, 2018, 1.958763, 2019, 4.989691, 2020, 4.896907, 2021, 5.022989, 2022, 4.091954, 2023, 5.528736, 2024, 5.367816, FirstScenarioYear, 0)",Gigawatt-Hour,,"Transformation_ Input LEAP_ID_MY_Nodes Rev1.csv (round 2 ID/MY subnational, 2026-05-07)","Round 2 — ID/MY subnational EC+HP from Rev1 LEAP-export, anchor with FirstScenarioYear=0",Transformation_ Input LEAP_ID_MY_Nodes Rev1.csv,power_historical_production,High
Indonesia,Transformation\Centralized Electricity Generation\Processes\Wind Onshore_IDKA,Historical Production,"Interp(2005, 0, 2006, 0, 2007, 0, 2008, 0, 2009, 0, 2010, 0, 2011, 0, 2012, 0, 2013, 0, 2014, 0, 2015, 0, 2016, 0, 2017, 0, 2018, 0, 2019, 0, 2020, 0, 2021, 0, 2022, 0, 2023, 0, 2024, 0, FirstScenarioYear, 0)",Gigawatt-Hour,,"Transformation_ Input LEAP_ID_MY_Nodes Rev1.csv (round 2 ID/MY subnational, 2026-05-07)","Round 2 — ID/MY subnational EC+HP from Rev1 LEAP-export, anchor with FirstScenarioYear=0",Transformation_ Input LEAP_ID_MY_Nodes Rev1.csv,power_historical_production,High
Indonesia,Transformation\Centralized Electricity Generation\Processes\Wind Onshore_IDEast,Historical Production,"Interp(2005, 0, 2006, 0, 2007, 0.019794, 2008, 0.296907, 2009, 3.661856, 2010, 3.592577, 2011, 4.651546, 2012, 4.552577, 2013, 0.098969, 2014, 0, 2015, 3.661856, 2016, 5.641237, 2017, 0, 2018, 188.041237, 2019, 479.010309, 2020, 470.103093, 2021, 431.977012, 2022, 351.908046, 2023, 475.471264, 2024, 461.632184, FirstScenarioYear, 0)",Gigawatt-Hour,,"Transformation_ Input LEAP_ID_MY_Nodes Rev1.csv (round 2 ID/MY subnational, 2026-05-07)","Round 2 — ID/MY subnational EC+HP from Rev1 LEAP-export, anchor with FirstScenarioYear=0",Transformation_ Input LEAP_ID_MY_Nodes Rev1.csv,power_historical_production,High
Malaysia,Transformation\Centralized Electricity Generation\Processes\Coal Subcritical_MYPE,Historical Production,"Interp(2005, 21740.32671, 2006, 23803.27087, 2007, 29550.62073, 2008, 32828.5394, 2009, 39777.40394, 2010, 42708.05884, 2011, 43907.77887, 2012, 47184.80022, 2013, 45536.419, 2014, 45347.08397, 2015, 46664.35323, 2016, 46528.85755, 2017, 46340.41985, 2018, 55480.36619, 2019, 54852.24052, 2020, 63799.88169, 2021, 60898.87432, 2022, 59023.71282, 2023, 61462.99398, 2024, 64251.87195, FirstScenarioYear, 0)",Gigawatt-Hour,,"Transformation_ Input LEAP_ID_MY_Nodes Rev1.csv (round 2 ID/MY subnational, 2026-05-07)","Round 2 — ID/MY subnational EC+HP from Rev1 LEAP-export, anchor with FirstScenarioYear=0",Transformation_ Input LEAP_ID_MY_Nodes Rev1.csv,power_historical_production,High
Malaysia,Transformation\Centralized Electricity Generation\Processes\Diesel_MYPE,Historical Production,"Interp(2005, 155.860301, 2006, 213.023964, 2007, 197.393275, 2008, 184.107189, 2009, 192.704068, 2010, 185.223667, 2011, 1049.824076, 2012, 671.449749, 2013, 596.087498, 2014, 389.650752, 2015, 194.155489, 2016, 132.190972, 2017, 189.242987, 2018, 103.720788, 2019, 112.764258, 2020, 94.449556, 2021, 108.881148, 2022, 312.948728, 2023, 307.254691, 2024, 138.219952, FirstScenarioYear, 0)",Gigawatt-Hour,,"Transformation_ Input LEAP_ID_MY_Nodes Rev1.csv (round 2 ID/MY subnational, 2026-05-07)","Round 2 — ID/MY subnational EC+HP from Rev1 LEAP-export, anchor with FirstScenarioYear=0",Transformation_ Input LEAP_ID_MY_Nodes Rev1.csv,power_historical_production,High
Malaysia,Transformation\Centralized Electricity Generation\Processes\Gas Combined Cycle_MYPE,Historical Production,"Interp(2005, 50986.33732, 2006, 53786.61632, 2007, 54450.9767, 2008, 56287.1027, 2009, 52625.64656, 2010, 50941.493, 2011, 46282.66584, 2012, 52068.41429, 2013, 56272.15459, 2014, 61317.14122, 2015, 58099.97608, 2016, 55501.49655, 2017, 51596.71842, 2018, 53192.84423, 2019, 60024.96028, 2020, 44587.66659, 2021, 48514.05304, 2022, 58371.53339, 2023, 62139.28719, 2024, 62423.30125, FirstScenarioYear, 0)",Gigawatt-Hour,,"Transformation_ Input LEAP_ID_MY_Nodes Rev1.csv (round 2 ID/MY subnational, 2026-05-07)","Round 2 — ID/MY subnational EC+HP from Rev1 LEAP-export, anchor with FirstScenarioYear=0",Transformation_ Input LEAP_ID_MY_Nodes Rev1.csv,power_historical_production,High
Malaysia,Transformation\Centralized Electricity Generation\Processes\Large Hydro_MYPE,Historical Production,"Interp(2005, 2563.58461, 2006, 2698.442732, 2007, 2542.2463, 2008, 3331.763784, 2009, 2940.419171, 2010, 2714.659847, 2011, 3438.02857, 2012, 3864.794777, 2013, 4517.747075, 2014, 5713.545989, 2015, 5942.292677, 2016, 8545.566544, 2017, 11456.96561, 2018, 11234.62042, 2019, 11179.56758, 2020, 11650.43154, 2021, 13274.6013, 2022, 13628.35208, 2023, 13662.49337, 2024, 14380.7409, FirstScenarioYear, 0)",Gigawatt-Hour,,"Transformation_ Input LEAP_ID_MY_Nodes Rev1.csv (round 2 ID/MY subnational, 2026-05-07)","Round 2 — ID/MY subnational EC+HP from Rev1 LEAP-export, anchor with FirstScenarioYear=0",Transformation_ Input LEAP_ID_MY_Nodes Rev1.csv,power_historical_production,High
Malaysia,Transformation\Centralized Electricity Generation\Processes\Solar PV_MYPE,Historical Production,"Interp(2005, 0, 2006, 0, 2007, 0, 2008, 0, 2009, 0, 2010, 0, 2011, 0, 2012, 43.158831, 2013, 128.470674, 2014, 207.473281, 2015, 249.809168, 2016, 283.915618, 2017, 302.020382, 2018, 577.889438, 2019, 1334.083371, 2020, 1882.575427, 2021, 1921.592108, 2022, 3119.871461, 2023, 4026.024045, 2024, 5823.699101, FirstScenarioYear, 0)",Gigawatt-Hour,,"Transformation_ Input LEAP_ID_MY_Nodes Rev1.csv (round 2 ID/MY subnational, 2026-05-07)","Round 2 — ID/MY subnational EC+HP from Rev1 LEAP-export, anchor with FirstScenarioYear=0",Transformation_ Input LEAP_ID_MY_Nodes Rev1.csv,power_historical_production,High
Malaysia,Transformation\Centralized Electricity Generation\Processes\Biomass Other_MYPE,Historical Production,"Interp(2005, 0, 2006, 0, 2007, 0, 2008, 0, 2009, 0, 2010, 0, 2011, 0, 2012, 507.447871, 2013, 709.466551, 2014, 415.370895, 2015, 438.998436, 2016, 439.19053, 2017, 391.423197, 2018, 731.211572, 2019, 614.847533, 2020, 667.564483, 2021, 663.767428, 2022, 588.447437, 2023, 686.415291, 2024, 644.154648, FirstScenarioYear, 0)",Gigawatt-Hour,,"Transformation_ Input LEAP_ID_MY_Nodes Rev1.csv (round 2 ID/MY subnational, 2026-05-07)","Round 2 — ID/MY subnational EC+HP from Rev1 LEAP-export, anchor with FirstScenarioYear=0",Transformation_ Input LEAP_ID_MY_Nodes Rev1.csv,power_historical_production,High
Malaysia,Transformation\Centralized Electricity Generation\Processes\Diesel_MYSB,Historical Production,"Interp(2005, 936.199145, 2006, 1279.561583, 2007, 1185.673416, 2008, 1105.868475, 2009, 1157.506966, 2010, 1112.574772, 2011, 6305.931637, 2012, 4033.167379, 2013, 3580.492291, 2014, 2340.497864, 2015, 1166.225153, 2016, 794.025636, 2017, 1136.717444, 2018, 623.015047, 2019, 677.336058, 2020, 567.325952, 2021, 654.011555, 2022, 1879.775218, 2023, 1845.573101, 2024, 830.239643, FirstScenarioYear, 0)",Gigawatt-Hour,,"Transformation_ Input LEAP_ID_MY_Nodes Rev1.csv (round 2 ID/MY subnational, 2026-05-07)","Round 2 — ID/MY subnational EC+HP from Rev1 LEAP-export, anchor with FirstScenarioYear=0",Transformation_ Input LEAP_ID_MY_Nodes Rev1.csv,power_historical_production,High
Malaysia,Transformation\Centralized Electricity Generation\Processes\Gas Combined Cycle_MYSB,Historical Production,"Interp(2005, 5714.761714, 2006, 6028.628684, 2007, 6103.092971, 2008, 6308.893645, 2009, 5898.502342, 2010, 5709.735375, 2011, 5187.554561, 2012, 5836.045422, 2013, 6307.218198, 2014, 6872.681378, 2015, 6512.088068, 2016, 6220.839625, 2017, 5783.175778, 2018, 5962.076228, 2019, 6727.84834, 2020, 4997.571964, 2021, 5437.657762, 2022, 6542.525346, 2023, 6964.830934, 2024, 6996.664417, FirstScenarioYear, 0)",Gigawatt-Hour,,"Transformation_ Input LEAP_ID_MY_Nodes Rev1.csv (round 2 ID/MY subnational, 2026-05-07)","Round 2 — ID/MY subnational EC+HP from Rev1 LEAP-export, anchor with FirstScenarioYear=0",Transformation_ Input LEAP_ID_MY_Nodes Rev1.csv,power_historical_production,High
Malaysia,Transformation\Centralized Electricity Generation\Processes\Large Hydro_MYSB,Historical Production,"Interp(2005, 85.032189, 2006, 89.505333, 2007, 84.324413, 2008, 110.512119, 2009, 97.531511, 2010, 90.043242, 2011, 114.036843, 2012, 128.19236, 2013, 149.850301, 2014, 189.514059, 2015, 197.101416, 2016, 283.450068, 2017, 380.019003, 2018, 372.643979, 2019, 370.817917, 2020, 386.436124, 2021, 440.308623, 2022, 452.042273, 2023, 453.174714, 2024, 476.998449, FirstScenarioYear, 0)",Gigawatt-Hour,,"Transformation_ Input LEAP_ID_MY_Nodes Rev1.csv (round 2 ID/MY subnational, 2026-05-07)","Round 2 — ID/MY subnational EC+HP from Rev1 LEAP-export, anchor with FirstScenarioYear=0",Transformation_ Input LEAP_ID_MY_Nodes Rev1.csv,power_historical_production,High
Malaysia,Transformation\Centralized Electricity Generation\Processes\Solar PV_MYSB,Historical Production,"Interp(2005, 0, 2006, 0, 2007, 0, 2008, 0, 2009, 0, 2010, 0, 2011, 0, 2012, 4.041169, 2013, 12.029326, 2014, 19.426719, 2015, 23.390831, 2016, 26.584382, 2017, 28.279618, 2018, 54.110562, 2019, 124.916629, 2020, 176.274573, 2021, 179.927892, 2022, 292.128539, 2023, 376.975955, 2024, 545.300899, FirstScenarioYear, 0)",Gigawatt-Hour,,"Transformation_ Input LEAP_ID_MY_Nodes Rev1.csv (round 2 ID/MY subnational, 2026-05-07)","Round 2 — ID/MY subnational EC+HP from Rev1 LEAP-export, anchor with FirstScenarioYear=0",Transformation_ Input LEAP_ID_MY_Nodes Rev1.csv,power_historical_production,High
Malaysia,Transformation\Centralized Electricity Generation\Processes\Biomass Other_MYSB,Historical Production,"Interp(2005, 0, 2006, 0, 2007, 0, 2008, 0, 2009, 0, 2010, 0, 2011, 0, 2012, 218.723574, 2013, 305.799015, 2014, 179.03594, 2015, 189.220041, 2016, 189.302838, 2017, 168.713843, 2018, 315.1717, 2019, 265.015694, 2020, 287.738106, 2021, 286.101474, 2022, 253.636548, 2023, 295.863307, 2024, 277.647843, FirstScenarioYear, 0)",Gigawatt-Hour,,"Transformation_ Input LEAP_ID_MY_Nodes Rev1.csv (round 2 ID/MY subnational, 2026-05-07)","Round 2 — ID/MY subnational EC+HP from Rev1 LEAP-export, anchor with FirstScenarioYear=0",Transformation_ Input LEAP_ID_MY_Nodes Rev1.csv,power_historical_production,High
Malaysia,Transformation\Centralized Electricity Generation\Processes\Coal Subcritical_MYSR,Historical Production,"Interp(2005, 2487.673292, 2006, 2723.729132, 2007, 3381.379265, 2008, 3756.460598, 2009, 4551.59606, 2010, 4886.941156, 2011, 5024.221129, 2012, 5399.199784, 2013, 5210.581003, 2014, 5188.916026, 2015, 5339.646767, 2016, 5324.142447, 2017, 5302.580147, 2018, 6348.433813, 2019, 6276.559481, 2020, 7300.408307, 2021, 6968.45568, 2022, 6753.887185, 2023, 7033.006017, 2024, 7352.128049, FirstScenarioYear, 0)",Gigawatt-Hour,,"Transformation_ Input LEAP_ID_MY_Nodes Rev1.csv (round 2 ID/MY subnational, 2026-05-07)","Round 2 — ID/MY subnational EC+HP from Rev1 LEAP-export, anchor with FirstScenarioYear=0",Transformation_ Input LEAP_ID_MY_Nodes Rev1.csv,power_historical_production,High
Malaysia,Transformation\Centralized Electricity Generation\Processes\Diesel_MYSR,Historical Production,"Interp(2005, 303.940554, 2006, 415.414453, 2007, 384.933309, 2008, 359.024336, 2009, 375.788965, 2010, 361.201561, 2011, 2047.244288, 2012, 1309.382872, 2013, 1162.420212, 2014, 759.851384, 2015, 378.619357, 2016, 257.783392, 2017, 369.039569, 2018, 202.264165, 2019, 219.899684, 2020, 184.184492, 2021, 212.327297, 2022, 610.276054, 2023, 599.172209, 2024, 269.540405, FirstScenarioYear, 0)",Gigawatt-Hour,,"Transformation_ Input LEAP_ID_MY_Nodes Rev1.csv (round 2 ID/MY subnational, 2026-05-07)","Round 2 — ID/MY subnational EC+HP from Rev1 LEAP-export, anchor with FirstScenarioYear=0",Transformation_ Input LEAP_ID_MY_Nodes Rev1.csv,power_historical_production,High
Malaysia,Transformation\Centralized Electricity Generation\Processes\Gas Combined Cycle_MYSR,Historical Production,"Interp(2005, 4694.900964, 2006, 4952.754995, 2007, 5013.930328, 2008, 5183.003656, 2009, 4845.851099, 2010, 4690.771629, 2011, 4261.779604, 2012, 4794.540289, 2013, 5181.627211, 2014, 5646.177399, 2015, 5349.935847, 2016, 5110.663824, 2017, 4751.105802, 2018, 4898.07954, 2019, 5527.191376, 2020, 4105.701446, 2021, 4467.249196, 2022, 5374.941265, 2023, 5721.881874, 2024, 5748.034329, FirstScenarioYear, 0)",Gigawatt-Hour,,"Transformation_ Input LEAP_ID_MY_Nodes Rev1.csv (round 2 ID/MY subnational, 2026-05-07)","Round 2 — ID/MY subnational EC+HP from Rev1 LEAP-export, anchor with FirstScenarioYear=0",Transformation_ Input LEAP_ID_MY_Nodes Rev1.csv,power_historical_production,High
Malaysia,Transformation\Centralized Electricity Generation\Processes\Large Hydro_MYSR,Historical Production,"Interp(2005, 3358.383201, 2006, 3535.051936, 2007, 3330.429287, 2008, 4364.724097, 2009, 3852.049318, 2010, 3556.29691, 2011, 4503.934587, 2012, 5063.012863, 2013, 5918.402624, 2014, 7484.939952, 2015, 7784.605908, 2016, 11194.98339, 2017, 15009.01538, 2018, 14717.7356, 2019, 14645.6145, 2020, 15262.46234, 2021, 17390.18008, 2022, 17853.60565, 2023, 17898.33191, 2024, 18839.26065, FirstScenarioYear, 0)",Gigawatt-Hour,,"Transformation_ Input LEAP_ID_MY_Nodes Rev1.csv (round 2 ID/MY subnational, 2026-05-07)","Round 2 — ID/MY subnational EC+HP from Rev1 LEAP-export, anchor with FirstScenarioYear=0",Transformation_ Input LEAP_ID_MY_Nodes Rev1.csv,power_historical_production,High
Malaysia,Transformation\Centralized Electricity Generation\Processes\Biomass Other_MYSR,Historical Production,"Interp(2005, 0, 2006, 0, 2007, 0, 2008, 0, 2009, 0, 2010, 0, 2011, 0, 2012, 66.328555, 2013, 92.734434, 2014, 54.293165, 2015, 57.381523, 2016, 57.406632, 2017, 51.16296, 2018, 95.576727, 2019, 80.366774, 2020, 87.257411, 2021, 86.761098, 2022, 76.916015, 2023, 89.721402, 2024, 84.197509, FirstScenarioYear, 0)",Gigawatt-Hour,,"Transformation_ Input LEAP_ID_MY_Nodes Rev1.csv (round 2 ID/MY subnational, 2026-05-07)","Round 2 — ID/MY subnational EC+HP from Rev1 LEAP-export, anchor with FirstScenarioYear=0",Transformation_ Input LEAP_ID_MY_Nodes Rev1.csv,power_historical_production,High
